ABORTION,ABORTION, ,
ACCOUNTABILITY IN GOVERNMENT,AUDITS AND ACCOUNTABILITY,,
"AUDITOR, STATE",AUDITS AND ACCOUNTABILITY,,
ACCOUNTANTS,ACCOUNTANTS AND ACCOUNTING,,
ACCOUNTANTS AND ACCOUNTING,ACCOUNTANTS AND ACCOUNTING,,
ACTIONS AND PROCEEDINGS,GOVERNMENT OPERATIONS AND POLITICS,,
ACUPUNCTURE AND ACUPUNCTURISTS,ACUPUNCTURE AND ACUPUNCTURISTS, ,
ADMINISTRATIVE HEARINGS OFFICE,ADMINISTRATIVE,,
"ADMINISTRATIVE HEARINGS, OFFICE",ADMINISTRATIVE,,
ADMINISTRATIVE OFFICE OF THE COURTS,ADMINISTRATIVE,,
ADMINISTRATIVE PROCEDURE,ADMINISTRATIVE,,
WASHINGTON ADMINISTRATIVE CODE,ADMINISTRATIVE,,
ADULT ENTERTAINMENT,ADULT ENTERTAINMENT,,
ADVERTISING,ADVERTISING,,
"AGING, COUNCIL ON",AGING,"CIVIL RIGHTS AND LIBERTIES, MINORITY ISSUES", 
AGRICULTURAL COOPERATIVE ASSOCIATIONS,AGRICULTURE AND FOOD, ,
AGRICULTURE AND FOOD,AGRICULTURE AND FOOD,,
"AGRICULTURE AND FOOD, DEPARTMENT",AGRICULTURE AND FOOD,,
BEEF COMMISSION,AGRICULTURE AND FOOD,,
BEES AND BEEKEEPING,AGRICULTURE AND FOOD,,
BEVERAGE CONTAINERS,AGRICULTURE AND FOOD,,
CROP CREDIT ASSOCIATIONS,AGRICULTURE AND FOOD,,
FARMS,AGRICULTURE AND FOOD,,
FARMS AND FARMING,AGRICULTURE AND FOOD,,
FERTILIZERS,AGRICULTURE AND FOOD,,
FOOD AND FOOD PRODUCTS,AGRICULTURE AND FOOD,,
GENETICALLY MODIFIED ORGANISMS,AGRICULTURE AND FOOD,,
GRAZING,AGRICULTURE AND FOOD,,
HERBICIDES,AGRICULTURE AND FOOD,,
IRRIGATION,AGRICULTURE AND FOOD,,
IRRIGATION DISTRICTS,AGRICULTURE AND FOOD,,
LIVESTOCK,AGRICULTURE AND FOOD,,
MEAT,AGRICULTURE AND FOOD ,,
MUSSELS,AGRICULTURE AND FOOD ,FISH AND WILDLIFE,
ORGANIC FOOD,AGRICULTURE AND FOOD ,,
AMUSEMENT DEVICES,RECREATION AND SPORTS,,
AMUSEMENT GAMES,RECREATION AND SPORTS,,
AMUSEMENT PARKS AND RIDES,RECREATION AND SPORTS,,
AMUSEMENT RIDES,RECREATION AND SPORTS,,
ANARCHY,ANARCHY,,
ANATOMIC GIFTS,ANATOMIC GIFTS,PROPERTY,
ANIMALS,ANIMALS,,
APPLE ADVERTISING COMMISSION,APPLE ADVERTISING COMMISSION,,
APPLIANCES,APPLIANCES,,
ARCHITECTS,ARCHITECTS,,
ARTS COMMISSION,ARTS AND CULTURE,,
BOOKS,ARTS AND CULTURE,,
"HUMANITIES, COMMISSION",ARTS AND CULTURE,,
PERFORMING ARTS,ARTS AND CULTURE,,
ART AND ART WORKS,ARTS AND CULTURE,,
ART AND ARTWORKS,ARTS AND CULTURE,,
ART WORKS,ARTS AND CULTURE,,
CIVIC CENTERS,ARTS AND CULTURE,,
CONCERTS,ARTS AND CULTURE,,
CULTURAL FACILITIES,ARTS AND CULTURE,,
"CULTURAL RESOURCES, DEPARTMENT",ARTS AND CULTURE,,
LIBRARIES,ARTS AND CULTURE,,
LIBRARIES AND LIBRARY DISTRICTS,ARTS AND CULTURE,,
"LIBRARIES, PUBLIC",ARTS AND CULTURE,,
LIBRARY DISTRICTS,ARTS AND CULTURE,,
"LIBRARY, STATE",ARTS AND CULTURE,,
MUSIC,ARTS AND CULTURE,,
PERFORMING ARTS AND PERFORMANCE FACILITIES,ARTS AND CULTURE,,
POET LAUREATE,ARTS AND CULTURE,,
ATTORNEYS,ATTORNEYS,,
AUCTIONS AND AUCTIONEERS,AUCTIONS AND AUCTIONEERS,,
AUDITORIUMS,AUDITORIUMS,,
AUDITORS AND AUDITING,AUDITORS AND AUDITING,,
"EFFICIENCY AND ACCOUNTABILITY IN GOVERNMENT, COMMISSION",AUDITS AND ACCOUNTABILITY,,
"LEGISLATIVE AUDIT AND REVIEW COMMITTEE, JOINT",AUDITS AND ACCOUNTABILITY,GOVERNMENT OPERATIONS AND POLICY,
LEGISLATIVE EVALUATION AND ACCOUNTABILITY PROGRAM,AUDITS AND ACCOUNTABILITY,GOVERNMENT OPERATIONS AND POLICY,
LEGISLATIVE EVALUATION AND ACCOUNTABILITY PROGRAM (LEAP) COMMITTEE,AUDITS AND ACCOUNTABILITY,GOVERNMENT OPERATIONS AND POLICY,
LEGISLATIVE EVALUATION AND ACCOUNTABILITY PROGRAM COMMITTEE,AUDITS AND ACCOUNTABILITY,GOVERNMENT OPERATIONS AND POLICY,
PUBLIC RECORDS EXEMPTIONS ACCOUNTABILITY COMMITTEE,AUDITS AND ACCOUNTABILITY,RECORDS,
AWARDS,AWARDS,,
BALLOONS,BALLOONS,,
BLAINE,CITY AND TOWN,,
BODY PIERCING,BODY PIERCING,,
BOILERS,BOILERS,,
BOILERS AND UNFIRED PRESSURE VESSELS,BOILERS,,
BORDER AREAS,BOUNDARIES,,
BOSNIA,BOSNIA,,
BOTHELL,CITY AND TOWN,,
BOUNDARIES,BOUNDARIES,,
BOUNDARY REVIEW BOARDS,BOUNDARIES,,
BREMERTON,CITY AND TOWN,,
NARROWS BRIDGE,BRIDGE,,
BRITISH COLUMBIA,BRITISH COLUMBIA,,
LEGISLATIVE BUDGET COMMITTEE,BUDGET,GOVERNMENT OPERATIONS AND POLICY,
BUILDING CODE COUNCIL,BUILDING,SAFETY,
BUILDING CODES AND PERMITS,BUILDING,SAFETY,
BUILDING CODES/PERMITS,BUILDING,SAFETY,
BUILDINGS,BUILDING,,
"BUILDINGS, STATE",BUILDING,,
BURIEN,CITY AND TOWN,,
BRANDS,BUSINESS,,
BULK SALES,BUSINESS,,
BUSINESS LICENSES,BUSINESS,,
BUSINESS ORGANIZATIONS,BUSINESS,,
BUSINESSES,BUSINESS,,
"COMMERCE, DEPARTMENT",BUSINESS,,
COPYRIGHT,BUSINESS,,
CORPORATIONS,BUSINESS,,
FRANCHISES,BUSINESS,,
INTELLECTUAL PROPERTY,BUSINESS,,
INTERLOCAL COOPERATION,BUSINESS,,
LICENSURE,BUSINESS,,
LIMITED LIABILITY COMPANIES,BUSINESS,,
MARKETING,BUSINESS,,
PARTNERSHIPS,BUSINESS,,
PROFESSIONS,BUSINESS,,
RETAIL INSTALLMENT SALES,BUSINESS,,
SALARIES,BUSINESS,,
SALES,BUSINESS,,
TELEMARKETING,BUSINESS,,
TRADEMARKS,BUSINESS,,
WARRANTIES,BUSINESS,,
CAMANO ISLAND,CAMANO ISLAND,,
CANADA,CANADA,,
CAPITOL CAMPUS,CAPITOL,,
"CAPITOL CAMPUS, STATE",CAPITOL,,
"CAPITOL COMMITTEE, STATE",CAPITOL,,
CASCADE FOOTHILLS,CASCADE FOOTHILLS,,
CASELOAD FORECAST COUNCIL,CASELOAD FORECAST COUNCIL,,
CENTENNIAL CELEBRATION,CELEBRATION,,
CEMETERIES,CEMETERIES,,
CEMETERY DISTRICTS,CEMETERIES,,
CENTRALIA,CENTRALIA,,
CERTIFICATION AUTHORITIES,CERTIFICATION AUTHORITIES,BUSINESS,
CERTIFIED PROFESSIONAL GUARDIANSHIP BOARD,CERTIFIED PROFESSIONAL GUARDIANSHIP BOARD,FAMILY,
CHAPLAINS,CHAPLAINS,,
CHARITABLE DONATIONS,CHARITABLE DONATIONS,NONPROFIT,
CHARITABLE ORGANIZATIONS,CHARITABLE ORGANIZATIONS,NONPROFIT,
CHILD CARE,CHILD CARE,CHILDREN,
CHILD ABUSE,CHILDREN,LAW AND JUSTICE,
CHILD CUSTODY,CHILDREN,FAMILY,
CHILD SUPPORT,CHILDREN,FAMILY,
"CHILDHOOD DEAFNESS AND HEARING LOSS, CENTER FOR",CHILDREN,DISABILITIES,
"CHILDHOOD DEAFNESS AND HEARING LOSS, STATE CENTER",CHILDREN,DISABILITIES,
CHILDREN,CHILDREN,,
"CHILDREN AND FAMILIES, COUNCIL",CHILDREN,FAMILY,
"CHILDREN AND FAMILY SERVICES, DEPARTMENT",CHILDREN,FAMILY,SOCIAL WELFARE
"CHILDREN, YOUTH, AND FAMILIES, DEPARTMENT",CHILDREN,FAMILY,SOCIAL WELFARE
"CHILDREN'S SERVICES, DEPARTMENT",CHILDREN,SOCIAL WELFARE,
CHINA,CHINA, ,
DAY CARE,CHILDREN,DAY CARE,
"FAMILY AND CHILDREN'S OMBUDS, OFFICE",CHILDREN,FAMILY,
"FAMILY AND CHILDREN'S OMBUDSMAN, OFFICE",CHILDREN,FAMILY,
FOSTER CARE,CHILDREN,FAMILY,
HEAD START,CHILDREN,EDUCATION,
YOUTH COURTS,CHILDREN,LAW AND JUSTICE,
YOUTHBUILD PROGRAM,CHILDREN,SOCIAL WELFARE,
CHIROPRACTIC ASSISTANTS,CHIROPRACTORS,,
CHIROPRACTIC DISCIPLINARY BOARD,CHIROPRACTORS,,
CHIROPRACTORS,CHIROPRACTORS,,
CHORE SERVICES,CHORE SERVICES,,
CHURCHES,RELIGION,,
CIRCUSES AND CARNIVALS,CIRCUSES AND CARNIVALS,,
CITIES AND TOWNS,CITIES AND TOWNS,,
"CITIES, WASHINGTON ASSOCIATION OF",CITIES AND TOWNS,,
CITIZENS COMMISSION ON SALARIES,CITIZEN COMMISSION ON SALARIES,,
CITIZENS' COMMISSION ON SALARIES,CITIZEN COMMISSION ON SALARIES,,
CITIZENS' COMMISSION ON SALARIES FOR ELECTED OFFICIALS,CITIZEN COMMISSION ON SALARIES,,
CITIZEN COUNCILORS,CITIZEN COUNCILORS,,
ALIENS,CITIZENSHIP,,
CITIZENSHIP,CITIZENSHIP,,
NONRESIDENTS,CITIZENSHIP,,
COLVILLE,CITY AND TOWN,,
ENUMCLAW,CITY AND TOWN,,
GRAYS HARBOR,CITY AND TOWN,,
HANFORD,CITY AND TOWN,,
OLYMPIA,CITY AND TOWN,,
PASCO,CITY AND TOWN,,
PORT ANGELES,CITY AND TOWN,,
SEATTLE,CITY AND TOWN,,
SPOKANE,CITY AND TOWN,,
TACOMA,CITY AND TOWN,,
TOWNSHIPS,CITY AND TOWN,,
TRI-CITIES,CITY AND TOWN,,
TUKWILA,CITY AND TOWN,,
VANCOUVER,CITY AND TOWN,,
WENATCHEE,CITY AND TOWN,,
YAKIMA,CITY AND TOWN,,
YELM,CITY AND TOWN,,
AFFIRMATIVE ACTION,"CIVIL RIGHTS AND LIBERTIES, MINORITY ISSUES",,
"AFRICAN-AMERICAN AFFAIRS, COMMISSION","CIVIL RIGHTS AND LIBERTIES, MINORITY ISSUES",,
AFRICAN-AMERICANS,"CIVIL RIGHTS AND LIBERTIES, MINORITY ISSUES",,
ASIAN AMERICANS,"CIVIL RIGHTS AND LIBERTIES, MINORITY ISSUES",,
"ASIAN PACIFIC AMERICAN AFFAIRS, COMMISSION","CIVIL RIGHTS AND LIBERTIES, MINORITY ISSUES",,
"ASIAN PACIFIC AMERICAN AFFAIRS, STATE COMMISSION","CIVIL RIGHTS AND LIBERTIES, MINORITY ISSUES",,
ASIAN PACIFIC AMERICANS,"CIVIL RIGHTS AND LIBERTIES, MINORITY ISSUES",,
CENSORSHIP,"CIVIL RIGHTS AND LIBERTIES, MINORITY ISSUES",,
CIVIL RIGHTS,"CIVIL RIGHTS AND LIBERTIES, MINORITY ISSUES",,
CULTURAL DIVERSITY,"CIVIL RIGHTS AND LIBERTIES, MINORITY ISSUES",,
"DISABILITIES, INDIVIDUALS WITH","CIVIL RIGHTS AND LIBERTIES, MINORITY ISSUES",DISABILITIES,
"DISABILITIES, PERSONS WITH","CIVIL RIGHTS AND LIBERTIES, MINORITY ISSUES",DISABILITIES,
DISABLED PERSONS,"CIVIL RIGHTS AND LIBERTIES, MINORITY ISSUES",DISABILITIES,
DISCRIMINATION,"CIVIL RIGHTS AND LIBERTIES, MINORITY ISSUES",,
FREEDOM OF EXPRESSION,"CIVIL RIGHTS AND LIBERTIES, MINORITY ISSUES",,
GENDER IDENTITY,"CIVIL RIGHTS AND LIBERTIES, MINORITY ISSUES",,
"HISPANIC AFFAIRS, COMMISSION","CIVIL RIGHTS AND LIBERTIES, MINORITY ISSUES",,
HISPANIC AMERICANS,"CIVIL RIGHTS AND LIBERTIES, MINORITY ISSUES",,
HISPANIC-AMERICANS,"CIVIL RIGHTS AND LIBERTIES, MINORITY ISSUES",,
HISPANICS,"CIVIL RIGHTS AND LIBERTIES, MINORITY ISSUES",,
HOMOSEXUALS,"CIVIL RIGHTS AND LIBERTIES, MINORITY ISSUES",,
HUMAN RIGHTS COMMISSION,"CIVIL RIGHTS AND LIBERTIES, MINORITY ISSUES",,
KOREAN-AMERICANS,"CIVIL RIGHTS AND LIBERTIES, MINORITY ISSUES",,
LATINO-AMERICANS,"CIVIL RIGHTS AND LIBERTIES, MINORITY ISSUES",,
MINORITIES,"CIVIL RIGHTS AND LIBERTIES, MINORITY ISSUES",,
MINORITY AND JUSTICE COMMISSION,"CIVIL RIGHTS AND LIBERTIES, MINORITY ISSUES",,
MINORITY AND WOMEN'S BUSINESS ENTERPRISES,"CIVIL RIGHTS AND LIBERTIES, MINORITY ISSUES",,
"MINORITY AND WOMEN'S BUSINESS ENTERPRISES, OFFICE","CIVIL RIGHTS AND LIBERTIES, MINORITY ISSUES",,
PERSONALITY RIGHTS,"CIVIL RIGHTS AND LIBERTIES, MINORITY ISSUES",,
PRIVACY,"CIVIL RIGHTS AND LIBERTIES, MINORITY ISSUES",,
REPRODUCTIVE PRIVACY,"CIVIL RIGHTS AND LIBERTIES, MINORITY ISSUES",HEALTH,
SEX DISCRIMINATION,"CIVIL RIGHTS AND LIBERTIES, MINORITY ISSUES",,
SEXUAL ORIENTATION,"CIVIL RIGHTS AND LIBERTIES, MINORITY ISSUES",,
SEXUAL ORIENTATION AND GENDER IDENTITY,"CIVIL RIGHTS AND LIBERTIES, MINORITY ISSUES",,
VICTIMS OF CRIMES,"CIVIL RIGHTS AND LIBERTIES, MINORITY ISSUES",LAW AND JUSTICE,
VULNERABLE ADULTS,"CIVIL RIGHTS AND LIBERTIES, MINORITY ISSUES",SOCIAL WELFARE,
WHISTLEBLOWERS,"CIVIL RIGHTS AND LIBERTIES, MINORITY ISSUES",,
WOMEN,"CIVIL RIGHTS AND LIBERTIES, MINORITY ISSUES",,
WOMEN AND MINORITY BUSINESSES,"CIVIL RIGHTS AND LIBERTIES, MINORITY ISSUES","ECONOMY, DEVELOPMENT AND INTERNATIONAL",
CIVIL SERVICE,CIVIL SERVICE,,
CLINICAL LABORATORIES,CLINICAL LABORATORIES,,
CLINICAL LABORATORY SCIENCE,CLINICAL LABORATORIES,,
CLINICAL LABORATORY SCIENCE PRACTITIONERS,CLINICAL LABORATORIES,,
CLONING,CLONING,,
CLOTHING,CLOTHING,,
CODE REVISER,CODE REVISER,,
BILLS OF EXCHANGE,BUSINESS,,
TAXES - SALES,TAXES,BUSINESS,
COMMISSION MERCHANTS,COMMISSION MERCHANTS,,
COMMON CARRIERS,COMMON CARRIERS,,
COMMUNITY COUNCILS,COMMUNITY COUNCILS,,
COMMUNITY FACILITIES DISTRICTS,COMMUNITY FACILITIES DISTRICTS,,
COMMUNITY NETWORKS,COMMUNITY NETWORKS,,
COMMUNITY PROPERTY,COMMUNITY PROPERTY,,
COMMUNITY RESIDENTIAL FACILITIES,COMMUNITY RESIDENTIAL FACILITIES,,
COMMUNITY SERVICE,COMMUNITY SERVICE,,
CONGRESS,CONGRESS,,
CONTACT LENSES,CONTACT LENSES,,
CONTESTS,CONTESTS,,
CONTRACTORS,CONTRACTORS,,
CONTRACTS,CONTRACTS,,
CONVENTION AND TRADE CENTERS,CONVENTION AND TRADE CENTERS,,
CONVEYANCES,CONVEYANCES,,
COOPERATIVE ASSOCIATIONS,COOPERATIVE ASSOCIATIONS,,
COSMETICS,COSMETICS,,
COSMETOLOGY,COSMETICS,,
COUNSELORS AND COUNSELING,COUNSELORS AND COUNSELING,,
ADAMS COUNTY,COUNTY, ,
BENTON COUNTY,COUNTY,,
CHELAN COUNTY,COUNTY,,
CLALLAM COUNTY,COUNTY,,
CLARK COUNTY,COUNTY,,
COUNTIES,COUNTY,,
COUNTY ASSESSORS,COUNTY,,
COUNTY AUDITORS,COUNTY,AUDITS AND ACCOUNTABILITY,
COUNTY CLERKS,COUNTY,,
COUNTY COMMISSIONERS,COUNTY,,
COUNTY CORONERS,COUNTY,,
COUNTY HOSPITALS,COUNTY,HEALTH,
COUNTY LEGISLATIVE AUTHORITY,GOVERNMENT OPERATIONS AND POLITICS,COUNTY,
COUNTY ROAD ADMINISTRATION BOARD,COUNTY,TRANSPORTATION,
COUNTY TREASURERS,COUNTY,,
COWLITZ COUNTY,COUNTY,,
DOUGLAS COUNTY,COUNTY,,
FERRY COUNTY,COUNTY,,
GRANT COUNTY,COUNTY,,
GRAYS HARBOR COUNTY,COUNTY,,
ISLAND COUNTY,COUNTY,,
JEFFERSON COUNTY,COUNTY,,
KING COUNTY,COUNTY,,
KITSAP COUNTY,COUNTY,,
LEWIS COUNTY,COUNTY,,
MASON COUNTY,COUNTY,,
OKANOGAN COUNTY,COUNTY,,
PACIFIC COUNTY,COUNTY,,
PEND OREILLE COUNTY,COUNTY,,
PIERCE COUNTY,COUNTY,,
SAN JUAN COUNTY,COUNTY,,
SKAGIT COUNTY,COUNTY,,
SNOHOMISH COUNTY,COUNTY,,
SPOKANE COUNTY,COUNTY,,
STEVENS COUNTY,COUNTY,,
THURSTON COUNTY,COUNTY,,
WAHKIAKUM COUNTY,COUNTY,,
WALLA WALLA COUNTY,COUNTY,,
WHATCOM COUNTY,COUNTY,,
WHITMAN COUNTY,COUNTY,,
YAKIMA COUNTY,COUNTY,,
CRANE AND HOIST OPERATORS,CRANE AND HOIST OPERATORS,,
CURFEW,CURFEW,,
CURRENCY,CURRENCY,,
DAMAGES,DAMAGES,,
DAMS,DAMS,,
DEATH,DEATH,,
DEATH INVESTIGATIONS COUNCIL,DEATH,,
DEATH WITH DIGNITY ACT,DEATH WITH DIGNITY ACT,DEATH,
DEDICATIONS,DEDICATIONS,,
DENTAL HYGIENISTS,DENTAL HYGIENISTS,,
DENTAL LABORATORIES AND TECHNICIANS,DENTAL LABORATORIES AND TECHNICIANS,,
DENTISTS AND DENTISTRY,DENTISTS AND DENTISTRY,,
DENTURISTS,DENTURISTS,,
DEPENDENT ADULTS,DEPENDENT ADULTS,,
DETERGENTS,DETERGENTS,,
DIAPERS,DIAPERS,,
DIETITIANS AND NUTRITIONISTS,DIETITIANS AND NUTRITIONISTS,,
DIGITAL SIGNATURES,DIGITAL SIGNATURES,,
DIKES AND LEVEES,DIKES,,
DIKING AND DRAINAGE,DIKES,,
DIKING DISTRICTS,DIKES,,
BLIND,DISABILITIES,,
"BLIND, DEPARTMENT OF SERVICES FOR THE",DISABILITIES,SOCIAL WELFARE,
"BLIND, STATE SCHOOL",DISABILITIES,EDUCATION,
"BLIND, STATE SCHOOL FOR THE",DISABILITIES,EDUCATION,
DEAF,DISABILITIES,,
DEAF PERSONS,DISABILITIES,,
"DEAF, STATE SCHOOL",DISABILITIES,EDUCATION,
DEVELOPMENTAL DISABILITIES,DISABILITIES,,
"DEVELOPMENTAL DISABILITIES OMBUDS, OFFICE OF",DISABILITIES,SOCIAL WELFARE,
"DEVELOPMENTAL DISABILITIES, INDIVIDUALS WITH",DISABILITIES,,
"DEVELOPMENTAL DISABILITIES, PERSONS WITH",DISABILITIES,,
DEVELOPMENTALLY DISABLED,DISABILITIES,,
HANDICAPPED PERSONS,DISABILITIES,,
MENTALLY IMPAIRED PERSONS,DISABILITIES,,
MENTALLY RETARDED PERSONS,DISABILITIES,,
SPEECH IMPAIRED PERSONS,DISABILITIES,,
STATE SCHOOL FOR THE BLIND,DISABILITIES,EDUCATION,
PUBLIC DISCLOSURE,DISCLOSURE,,
PUBLIC DISCLOSURE COMMISSION,DISCLOSURE,,
DISLOCATED WORKERS,DISLOCATED WORKERS,LABOR AND EMPLOYMENT,
DISPUTE RESOLUTION CENTERS,DISPUTE RESOLUTION CENTERS,,
DISSOLUTION OF MARRIAGE,DISSOLUTION OF MARRIAGE,FAMILY,
DISTRESSED AREAS,DISTRESSED AREAS,ENVIRONMENT,
DNA (DEOXYRIBONUCLEIC ACID),DNA,,
DOCKS,DOCKS,,
DOGS,DOGS,,
DOMESTIC PARTNERS,DOMESTIC PARTNERS,FAMILY,
"DOMESTIC PARTNERSHIPS, REGISTERED",DOMESTIC PARTNERS,FAMILY,
DOMESTIC RELATIONS,DOMESTIC RELATIONS,,
DRAINAGE,DRAINAGE,,
DRAINAGE DISTRICTS,DRAINAGE,,
DROUGHT,DROUGHT,,
ALCOHOL AND DRUG ABUSE,DRUGS AND ALCOHOL,SOCIAL WELFARE,
ALCOHOLIC BEVERAGES,DRUGS AND ALCOHOL,AGRICULTURE AND FOOD,
D.A.R.E. PROGRAM,DRUGS AND ALCOHOL,SOCIAL WELFARE,
DRUGS,DRUGS AND ALCOHOL,,
INTOXICATION,DRUGS AND ALCOHOL,,
LIQUOR AND CANNABIS BOARD,DRUGS AND ALCOHOL,,
LIQUOR CONTROL BOARD,DRUGS AND ALCOHOL,,
MARIJUANA,DRUGS AND ALCOHOL,,
DRY CLEANING SERVICES,DRY CLEANING SERVICES,,
EASEMENTS,EASEMENTS,,
"TRADE AND ECONOMIC DEVELOPMENT, DEPARTMENT","ECONOMY, DEVELOPMENT AND INTERNATIONAL",,
"TRADE POLICY, JOINT LEGISLATIVE OVERSIGHT COMMITTEE","ECONOMY, DEVELOPMENT AND INTERNATIONAL",,
"TRADE REPRESENTATIVE, OFFICE","ECONOMY, DEVELOPMENT AND INTERNATIONAL",,
"COMMUNITY DEVELOPMENT, DEPARTMENT","ECONOMY, DEVELOPMENT AND INTERNATIONAL",,
COMMUNITY ECONOMIC REVITALIZATION BOARD,"ECONOMY, DEVELOPMENT AND INTERNATIONAL",,
"COMMUNITY, TRADE, AND ECONOMIC DEVELOPMENT, DEPARTMENT","ECONOMY, DEVELOPMENT AND INTERNATIONAL",,
DEVELOPMENT LOAN FUND COMMITTEE,"ECONOMY, DEVELOPMENT AND INTERNATIONAL",,
ECONOMIC AND REVENUE FORECAST COUNCIL,"ECONOMY, DEVELOPMENT AND INTERNATIONAL",,
ECONOMIC DEVELOPMENT,"ECONOMY, DEVELOPMENT AND INTERNATIONAL",,
ECONOMIC DEVELOPMENT COMMISSION,"ECONOMY, DEVELOPMENT AND INTERNATIONAL",,
ECONOMIC DEVELOPMENT FINANCE AUTHORITY,"ECONOMY, DEVELOPMENT AND INTERNATIONAL",,
ECONOMIC FORECASTS,"ECONOMY, DEVELOPMENT AND INTERNATIONAL",,
ECONOMIC RECOVERY COORDINATION BOARD,"ECONOMY, DEVELOPMENT AND INTERNATIONAL",,
EXPORT TRADE,"ECONOMY, DEVELOPMENT AND INTERNATIONAL",,
FREIGHT MOBILITY STRATEGIC INVESTMENT BOARD,"ECONOMY, DEVELOPMENT AND INTERNATIONAL",TRANSPORTATION,
GROWTH MANAGEMENT,"ECONOMY, DEVELOPMENT AND INTERNATIONAL",,
GROWTH PLANNING,"ECONOMY, DEVELOPMENT AND INTERNATIONAL",,
HYDROELECTRIC DEVELOPMENTS,"ECONOMY, DEVELOPMENT AND INTERNATIONAL",ENERGY,
INDUSTRIAL DEVELOPMENT,"ECONOMY, DEVELOPMENT AND INTERNATIONAL",,
INTERNATIONAL MATCHMAKING ORGANIZATIONS,"ECONOMY, DEVELOPMENT AND INTERNATIONAL",,
INTERNATIONAL RELATIONS,"ECONOMY, DEVELOPMENT AND INTERNATIONAL",,
INTERNATIONAL TRADE,"ECONOMY, DEVELOPMENT AND INTERNATIONAL",,
INTERNATIONAL UNDERSTANDING,"ECONOMY, DEVELOPMENT AND INTERNATIONAL",,
LAND DEVELOPMENT,"ECONOMY, DEVELOPMENT AND INTERNATIONAL",,
LAND USE PLANNING,"ECONOMY, DEVELOPMENT AND INTERNATIONAL",,
LAND USE PLANNING AND DEVELOPMENT,"ECONOMY, DEVELOPMENT AND INTERNATIONAL",,
LAND USE-TRANSPORTATION BENEFIT DISTRICTS,"ECONOMY, DEVELOPMENT AND INTERNATIONAL",TRANSPORTATION,
LEGISLATIVE COMMITTEE ON ECONOMIC DEVELOPMENT AND INTERNATIONAL RELATIONS,"ECONOMY, DEVELOPMENT AND INTERNATIONAL",GOVERNMENT OPERATIONS AND POLICY, 
PACIFIC NORTHWEST ECONOMIC REGION,"ECONOMY, DEVELOPMENT AND INTERNATIONAL",,
PLANNING COMMISSIONS,"ECONOMY, DEVELOPMENT AND INTERNATIONAL",,
RESEARCH AND DEVELOPMENT,"ECONOMY, DEVELOPMENT AND INTERNATIONAL",,
RURAL DEVELOPMENT,"ECONOMY, DEVELOPMENT AND INTERNATIONAL",,
SMALL BUSINESS EXPORT FINANCE ASSISTANCE CENTER,"ECONOMY, DEVELOPMENT AND INTERNATIONAL",,
SMALL BUSINESS EXPORT FINANCIAL ASSISTANCE CENTER,"ECONOMY, DEVELOPMENT AND INTERNATIONAL",,
TAXES - LUMBER AND BUILDING MATERIALS TAX,"ECONOMY, DEVELOPMENT AND INTERNATIONAL",TAXES,
TOURISM,"ECONOMY, DEVELOPMENT AND INTERNATIONAL",RECREATION AND SPORTS,
TOURISM COMMISSION,"ECONOMY, DEVELOPMENT AND INTERNATIONAL",RECREATION AND SPORTS,
UNIFORM COMMERCIAL CODE,"ECONOMY, DEVELOPMENT AND INTERNATIONAL",,
ZONING,"ECONOMY, DEVELOPMENT AND INTERNATIONAL",,
DISTANCE EDUCATION,EDUCATION,,
"EARLY LEARNING, DEPARTMENT",EDUCATION,,
"EDUCATION OMBUDS, OFFICE",EDUCATION,,
"EDUCATION OMBUDSMAN, OFFICE OF THE",EDUCATION,,
"EDUCATION, BOARD",EDUCATION,,
"EDUCATION, DEPARTMENT",EDUCATION,,
"EDUCATION, STATE BOARD",EDUCATION,,
EDUCATIONAL OPPORTUNITY GAP OVERSIGHT AND ACCOUNTABILITY COMMITTEE,EDUCATION,,
EDUCATIONAL SERVICE DISTRICTS,EDUCATION,,
EXCHANGE STUDENT PLACEMENT AGENCIES,EDUCATION,,
FIRCREST SCHOOL,EDUCATION,,
"KINDERGARTENS, NURSERY SCHOOLS, AND PRESCHOOLS",EDUCATION,,
LITERACY,EDUCATION,,
"ONLINE LEARNING, OFFICE",EDUCATION,,
PROFESSIONAL EDUCATOR STANDARDS BOARD,EDUCATION,,
"PUBLIC INSTRUCTION, SUPERINTENDENT",EDUCATION,,
QUALITY EDUCATION COUNCIL,EDUCATION,,
"SCHOOL DIRECTORS' ASSOCIATION, WASHINGTON STATE",EDUCATION,,
SCHOOLS AND SCHOOL DISTRICTS,EDUCATION,,
STUDENT ACHIEVEMENT COUNCIL,EDUCATION,,
"STUDENT LEARNING, COMMISSION",EDUCATION,,
"SUPERINTENDENT OF PUBLIC INSTRUCTION, OFFICE (OSPI)",EDUCATION,,
TEACHERS,EDUCATION,PUBLIC EMPLOYEES,
TEACHERS' RETIREMENT SYSTEM,EDUCATION,PUBLIC EMPLOYEES,
RAINIER STATE SCHOOL,EDUCATION ,,
CAMPAIGNS,ELECTIONS,,
ELECTIONS,ELECTIONS,,
REDISTRICTING,ELECTIONS,,
REDISTRICTING COMMISSION,ELECTIONS,,
VOTING,ELECTIONS,,
ELECTRICIANS,ELECTRICIANS,,
ELECTRICITY,ELECTRICITY,,
ELEVATORS,ELEVATORS,,
911,EMERGENCY MANAGEMENT AND SERVICES,,
211 INFORMATION SYSTEM,EMERGENCY MANAGEMENT AND SERVICES,"SCIENCE, TECHNOLOGY, COMMUNICATIONS",SOCIAL WELFARE
AMBER ALERT,EMERGENCY MANAGEMENT AND SERVICES,,
AMBULANCES,EMERGENCY MANAGEMENT AND SERVICES,,
CRISIS RESIDENTIAL CENTERS,EMERGENCY MANAGEMENT AND SERVICES,,
EARTHQUAKES,EMERGENCY MANAGEMENT AND SERVICES,,
EMERGENCY MANAGEMENT AND SERVICES,EMERGENCY MANAGEMENT AND SERVICES,,
EMERGENCY MEDICAL SERVICE DISTRICTS,EMERGENCY MANAGEMENT AND SERVICES,,
EMERGENCY MEDICAL TECHNICIANS,EMERGENCY MANAGEMENT AND SERVICES,,
EMERGENCY SERVICE COMMUNICATION DISTRICTS,EMERGENCY MANAGEMENT AND SERVICES,,
EMERGENCY SERVICES,EMERGENCY MANAGEMENT AND SERVICES,,
"EMERGENCY, STATE OF",EMERGENCY MANAGEMENT AND SERVICES,,
FIRE FIGHTERS,EMERGENCY MANAGEMENT AND SERVICES,,
"FIRE MARSHAL, STATE",EMERGENCY MANAGEMENT AND SERVICES,,
FIRE PROTECTION,EMERGENCY MANAGEMENT AND SERVICES,,
FIRE PROTECTION DISTRICTS,EMERGENCY MANAGEMENT AND SERVICES,,
FIRE PROTECTION SPRINKLER SYSTEM CONTRACTORS,EMERGENCY MANAGEMENT AND SERVICES,,
FIRE PROTECTION SPRINKLER SYSTEMS,EMERGENCY MANAGEMENT AND SERVICES,,
FIREFIGHTERS,EMERGENCY MANAGEMENT AND SERVICES,,
"FIRES, OUTDOOR",EMERGENCY MANAGEMENT AND SERVICES,,
NATURAL DISASTERS,EMERGENCY MANAGEMENT AND SERVICES,,
SEARCH AND RESCUE,EMERGENCY MANAGEMENT AND SERVICES,,
SEARCH AND RESCUE WORKERS AND ACTIVITIES,EMERGENCY MANAGEMENT AND SERVICES,,
TSUNAMIS,EMERGENCY MANAGEMENT AND SERVICES,,
VOLUNTEER FIRE FIGHTERS' AND RESERVE OFFICERS' RELIEF AND PENSIONS,EMERGENCY MANAGEMENT AND SERVICES,VOLUNTEERS,
"VOLUNTEER FIREFIGHTERS AND RESERVE OFFICERS, STATE BOARD",EMERGENCY MANAGEMENT AND SERVICES,VOLUNTEERS,
ENERGY,ENERGY,,
ENERGY FACILITIES SITE EVALUATION COUNCIL,ENERGY,,
ENERGY FACILITY SITE EVALUATION COUNCIL,ENERGY,,
"ENERGY OFFICE, STATE",ENERGY,,
ETHANOL,ENERGY,,
FUELS,ENERGY,,
GAS COMPANIES,ENERGY,,
GEORGETOWN STEAM PLANT,ENERGY,,
GEOTHERMAL RESOURCES,ENERGY,,
NATURAL GAS,ENERGY,,
NUCLEAR POWER,ENERGY,,
NUCLEAR POWER AND NUCLEAR SITES,ENERGY,,
NUCLEAR-RELATED INDUSTRY,ENERGY,,
OIL AND GAS,ENERGY,,
OIL AND GAS CONSERVATION COMMITTEE,ENERGY,ENVIRONMENT,
PACIFIC NORTHWEST ELECTRIC POWER AND CONSERVATION PLANNING COUNCIL,ENERGY,ENVIRONMENT,
TAXES - PETROLEUM PRODUCTS,ENERGY, ,
WASHINGTON PUBLIC POWER SUPPLY SYSTEM,ENERGY,,
WASHINGTON PUBLIC POWER SUPPLY SYSTEMS,ENERGY,,
ENGINEERS,ENGINEERS,,
ENGINEERS AND ENGINEERING,ENGINEERS,,
ENGLISH LANGUAGE,ENGLISH LANGUAGE,,
AIR POLLUTION,ENVIRONMENT,,
AIR POLLUTION CONTROL AUTHORITIES,ENVIRONMENT,,
AIR QUALITY AND POLLUTION,ENVIRONMENT,,
AQUIFER PROTECTION AREAS,ENVIRONMENT,,
ARBORETA,ENVIRONMENT,,
BEACH MANAGEMENT DISTRICTS,ENVIRONMENT,PARKS AND NATURAL RESOURCES,
CHLOROFLUOROCARBONS,ENVIRONMENT,,
CLEAN AIR AGENCIES,ENVIRONMENT,,
CLIMATE,ENVIRONMENT,,
COASTAL AREAS,ENVIRONMENT,PARKS AND NATURAL RESOURCES,
COMPOSTING,ENVIRONMENT,,
CONSERVATION,ENVIRONMENT,,
CONSERVATION AREAS,ENVIRONMENT,,
CONSERVATION COMMISSION,ENVIRONMENT,,
CONSERVATION CORPS,ENVIRONMENT,,
CONSERVATION DISTRICTS,ENVIRONMENT,,
"ECOLOGY, DEPARTMENT",ENVIRONMENT,,
ENVIRONMENT,ENVIRONMENT,,
ENVIRONMENTAL HEARINGS OFFICE,ENVIRONMENT,,
GREENHOUSE GASES,ENVIRONMENT,,
GREENWAYS,ENVIRONMENT,,
IMPACT FEES,ENVIRONMENT,TAXES,
MARINE WATERS PROTECTION TRUST,ENVIRONMENT,MARINE,
"MARINE WATERS, STATE",ENVIRONMENT,MARINE,
NATURAL AREA PRESERVES,ENVIRONMENT,PARKS AND NATURAL RESOURCES,
NATURAL RESOURCES CONSERVATION AREAS,ENVIRONMENT,PARKS AND NATURAL RESOURCES,
OZONE DEPLETION,ENVIRONMENT,,
POLLUTION,ENVIRONMENT,,
POLLUTION CONTROL BOARD,ENVIRONMENT,,
POLLUTION CONTROL HEARINGS BOARD,ENVIRONMENT,,
POLLUTION LIABILITY INSURANCE,ENVIRONMENT,INSURANCE,
POLLUTION LIABILITY INSURANCE AGENCY,ENVIRONMENT,INSURANCE,
PUGET SOUND WATER QUALITY AUTHORITY,ENVIRONMENT,WATER,
RECYCLING,ENVIRONMENT,,
RIVERS,ENVIRONMENT,RIVER,
RIVERS AND STREAMS,ENVIRONMENT,RIVER,
TAXES - OIL SPILL ADMINISTRATION,ENVIRONMENT,TAXES,
WATER QUALITY,ENVIRONMENT,,
WETLANDS,ENVIRONMENT,PARKS AND NATURAL RESOURCES,
EROTIC MATERIALS,EROTIC MATERIALS,,
ESCHEATS,ESCHEATS,,
ESPRESSO MACHINES,ESPRESSO MACHINES,,
ESTHETICS,ESTHETICS,,
EXECUTIVE ETHICS BOARD,ETHICS,,
LEGISLATIVE ETHICS BOARD,ETHICS,GOVERNMENT OPERATIONS AND POLICY,
EXPLOSIVES,EXPLOSIVES,WEAPONS,
FACSIMILE DEVICES,FACSIMILE DEVICES,,
FAIRS AND EXHIBITIONS,FAIRS AND EXHIBITIONS,,
ADOPTION,FAMILY,CHILDREN,
FAMILY INDEPENDENCE PROGRAM,FAMILY,,
FAMILY LIFE,FAMILY,,
FAMILY POLICY COUNCIL,FAMILY,,
GRANDPARENTS,FAMILY,,
GUARDIANS,FAMILY,CHILDREN,
GUARDIANSHIP,FAMILY,CHILDREN,
MARRIAGE AND MARRIED PERSONS,FAMILY,,
PARENTS AND PARENTING,FAMILY,CHILDREN,
SURROGATE PARENTING,FAMILY,CHILDREN,
FEDERAL AGENCIES,FEDERAL AGENCIES,,
FEDERAL AREAS,FEDERAL AREAS,,
FEDERAL RESERVE SYSTEM,FEDERAL RESERVE SYSTEM,,
FEES,FEES,,
FENCES,FENCES,,
FIDUCIARIES,FIDUCIARIES,,
ANNUITIES,FINANCE AND FINANCIAL SECTOR,,
"BANKING, SUPERVISOR",FINANCE AND FINANCIAL SECTOR,,
BANKRUPTCY,FINANCE AND FINANCIAL SECTOR,,
BANKS AND BANKING,FINANCE AND FINANCIAL SECTOR,,
BONDS,FINANCE AND FINANCIAL SECTOR,,
CHECK CASHING,FINANCE AND FINANCIAL SECTOR,,
CHECKS,FINANCE AND FINANCIAL SECTOR,,
CHECKS AND CHECK CASHING,FINANCE AND FINANCIAL SECTOR,,
COLLECTION AGENCIES,FINANCE AND FINANCIAL SECTOR,,
COMMODITY COMMISSIONS,FINANCE AND FINANCIAL SECTOR,,
CREDIT,FINANCE AND FINANCIAL SECTOR,,
CREDIT AND DEBIT CARDS,FINANCE AND FINANCIAL SECTOR,,
CREDIT CARDS,FINANCE AND FINANCIAL SECTOR,,
CREDIT SERVICES ORGANIZATIONS,FINANCE AND FINANCIAL SECTOR,,
CREDIT UNIONS,FINANCE AND FINANCIAL SECTOR,,
CREDITOR/DEBTOR RELATIONS,FINANCE AND FINANCIAL SECTOR,,
DEBT ADJUSTING,FINANCE AND FINANCIAL SECTOR,,
DEBT MANAGEMENT,FINANCE AND FINANCIAL SECTOR,,
DEBTORS,FINANCE AND FINANCIAL SECTOR,,
DEFERRED COMPENSATION,FINANCE AND FINANCIAL SECTOR,,
ESCROW AGENTS AND COMPANIES,FINANCE AND FINANCIAL SECTOR,,
FINANCIAL INSTITUTIONS,FINANCE AND FINANCIAL SECTOR,,
"FINANCIAL INSTITUTIONS, DEPARTMENT",FINANCE AND FINANCIAL SECTOR,,
FINANCIAL PLANNING,FINANCE AND FINANCIAL SECTOR,,
FINANCING CONTRACTS,FINANCE AND FINANCIAL SECTOR,,
FORECLOSURE,FINANCE AND FINANCIAL SECTOR,,
FOREIGN MONEY CLAIMS,FINANCE AND FINANCIAL SECTOR,,
INTEREST RATES,FINANCE AND FINANCIAL SECTOR,,
LIENS,FINANCE AND FINANCIAL SECTOR,,
LOANS,FINANCE AND FINANCIAL SECTOR,,
MONEY,FINANCE AND FINANCIAL SECTOR,,
MOORAGE FACILITIES,FINANCE AND FINANCIAL SECTOR,,
MORTGAGE BROKERS,FINANCE AND FINANCIAL SECTOR,,
MORTGAGES,FINANCE AND FINANCIAL SECTOR,,
MORTGAGES AND MORTGAGE BROKERS,FINANCE AND FINANCIAL SECTOR,,
SAVINGS AND LOAN ASSOCIATIONS,FINANCE AND FINANCIAL SECTOR,,
SECURITIES,FINANCE AND FINANCIAL SECTOR,,
SUPERVISOR OF BANKING,FINANCE AND FINANCIAL SECTOR,,
FIREWORKS,FIREWORKS,,
BEARS,FISH AND WILDLIFE,,
BIRDS,FISH AND WILDLIFE,,
CLAMS,FISH AND WILDLIFE,,
COUGARS,FISH AND WILDLIFE,,
CRAB,FISH AND WILDLIFE,,
DEER,FISH AND WILDLIFE,,
ELK,FISH AND WILDLIFE,,
FISH,FISH AND WILDLIFE,,
FISH AND FISH AND WILDLIFE,FISH AND WILDLIFE,,
FISH AND FISH AND WILDLIFE COMMISSION,FISH AND WILDLIFE,,
"FISH AND FISH AND WILDLIFE, DEPARTMENT",FISH AND WILDLIFE,,
FISHING,FISH AND WILDLIFE,,
"FISHING, COMMERCIAL",FISH AND WILDLIFE,,
INSECTS,FISH AND WILDLIFE,,
PACIFIC MARINE FISHERIES COMMISSION,FISH AND WILDLIFE,MARINE,
PACIFIC STATES MARINE FISHERIES COMMISSION,FISH AND WILDLIFE,MARINE,
SALMON,FISH AND WILDLIFE,,
SEA CUCUMBERS,FISH AND WILDLIFE,MARINE,
SEA URCHINS,FISH AND WILDLIFE,,
SEALS AND SEA LIONS,FISH AND WILDLIFE,MARINE,
SHELLFISH,FISH AND WILDLIFE,,
STEELHEAD,FISH AND WILDLIFE,,
TROUT,FISH AND WILDLIFE,,
WHALES,FISH AND WILDLIFE,MARINE,
FISH AND WILDLIFE,FISH AND WILDLIFE,,
FISH AND WILDLIFE AND FISHERIES COMMISSION,FISH AND WILDLIFE,,
FISH AND WILDLIFE COMMISSION,FISH AND WILDLIFE,,
"FISH AND WILDLIFE, DEPARTMENT",FISH AND WILDLIFE,,
FLAGS,FLAGS,,
FLEA MARKETS,FLEA MARKETS,,
FLOOD CONTROL,FLOOD,,
FLOOD CONTROL DISTRICTS,FLOOD,,
FLUORIDE,FLUORIDE,,
FOREIGN LANGUAGES,FOREIGN LANGUAGES,,
FORFEITURES,FORFEITURES,,
FORT STEILACOOM,FORT STEILACOOM,,
FRATERNAL SOCIETIES,FRATERNAL SOCIETIES,,
FUNERAL AND CEMETERY BOARD,FUNERAL ,,
FUNERAL DIRECTORS,FUNERAL ,,
FUNERALS,FUNERAL ,,
FURNITURE,FURNITURE,,
FURS AND SKINS,FURS AND SKINS,,
GAMBLING,GAMBLING,,
GAMBLING AND LIQUOR CONTROL BOARD,GAMBLING,,
GAMBLING COMMISSION,GAMBLING,,
GENDER,GENDER,,
TAXES - GENERAL,TAXES,,
GENETIC ENGINEERING,GENETIC ENGINEERING,,
GENETIC INFORMATION,GENETIC INFORMATION,,
GEOLOGY AND GEOLOGISTS,GEOLOGY AND GEOLOGISTS,,
GIFTS,GIFTS,,
GOOD SAMARITANS,GOOD SAMARITANS,,
"ACCOUNTANCY, BOARD",GOVERNMENT OPERATIONS AND POLITICS, ,
"ACTUARY, OFFICE OF STATE",GOVERNMENT OPERATIONS AND POLITICS,,
BIDS AND BIDDING,GOVERNMENT OPERATIONS AND POLITICS,,
BUDGET,GOVERNMENT OPERATIONS AND POLITICS,,
BUDGETS,GOVERNMENT OPERATIONS AND POLITICS,,
CAPITAL INVESTMENT,GOVERNMENT OPERATIONS AND POLITICS,,
CAPITAL PROJECTS,GOVERNMENT OPERATIONS AND POLITICS,,
CAPITAL PROJECTS ADVISORY REVIEW BOARD,GOVERNMENT OPERATIONS AND POLITICS,,
CENSUS,GOVERNMENT OPERATIONS AND POLITICS,,
"CHIEF INFORMATION OFFICER, OFFICE OF THE",GOVERNMENT OPERATIONS AND POLITICS,,
"CHIEF INFORMATION OFFICER, OFFICE OF THE STATE",GOVERNMENT OPERATIONS AND POLITICS,,
"CONSTITUTION, STATE",GOVERNMENT OPERATIONS AND POLITICS,,
"CONSTITUTION, U.S.",GOVERNMENT OPERATIONS AND POLITICS,,
"CONSTITUTION, UNITED STATES",GOVERNMENT OPERATIONS AND POLITICS,,
"ENTERPRISE SERVICES, DEPARTMENT",GOVERNMENT OPERATIONS AND POLITICS,,
ETHICS IN GOVERNMENT,GOVERNMENT OPERATIONS AND POLITICS,ETHICS,
"FINANCE COMMITTEE, STATE",GOVERNMENT OPERATIONS AND POLITICS,,
"FINANCIAL MANAGEMENT, OFFICE",GOVERNMENT OPERATIONS AND POLITICS,,
"FISCAL LEGISLATION, COUNCIL ON",GOVERNMENT OPERATIONS AND POLITICS,,
FISCAL NOTE COUNCIL,GOVERNMENT OPERATIONS AND POLITICS,,
FISCAL NOTES,GOVERNMENT OPERATIONS AND POLITICS,,
"FLOOR RESOLUTIONS, HOUSE",GOVERNMENT OPERATIONS AND POLITICS,,
"FLOOR RESOLUTIONS, SENATE",GOVERNMENT OPERATIONS AND POLITICS,,
"GENERAL ADMINISTRATION, DEPARTMENT",GOVERNMENT OPERATIONS AND POLITICS,,
GOVERNOR,GOVERNMENT OPERATIONS AND POLITICS,,
GUBERNATORIAL APPOINTMENTS,GOVERNMENT OPERATIONS AND POLITICS,,
HOUSE RESOLUTIONS,GOVERNMENT OPERATIONS AND POLITICS,,
"HUMAN RESOURCES, DEPARTMENT",GOVERNMENT OPERATIONS AND POLITICS,,
INFORMATION SERVICES BOARD,GOVERNMENT OPERATIONS AND POLITICS,,
"INFORMATION SERVICES, DEPARTMENT",GOVERNMENT OPERATIONS AND POLITICS,,
INITIATIVE AND REFERENDUM,GOVERNMENT OPERATIONS AND POLITICS,,
INSTITUTE FOR PUBLIC POLICY,GOVERNMENT OPERATIONS AND POLITICS,POLICY,
"INSTITUTIONAL REVIEW BOARD, WASHINGTON STATE",GOVERNMENT OPERATIONS AND POLITICS,,
INTERGOVERNMENTAL COOPERATION,GOVERNMENT OPERATIONS AND POLITICS,,
JOINT BILL SPONSORSHIP,GOVERNMENT OPERATIONS AND POLITICS,,
LAW ENFORCEMENT OFFICERS' AND FIRE FIGHTERS' RETIREMENT SYSTEM,GOVERNMENT OPERATIONS AND POLITICS,LAW AND JUSTICE,
LEGISLATIVE SERVICE CENTER,GOVERNMENT OPERATIONS AND POLITICS, ,
LEGISLATIVE SYSTEMS COMMITTEE,GOVERNMENT OPERATIONS AND POLITICS, ,
LEGISLATURE,GOVERNMENT OPERATIONS AND POLITICS,,
"LICENSING, DEPARTMENT",GOVERNMENT OPERATIONS AND POLITICS,,
LIEUTENANT GOVERNOR,GOVERNMENT OPERATIONS AND POLITICS,,
"LIEUTENANT GOVERNOR, OFFICE",GOVERNMENT OPERATIONS AND POLITICS,,
LOBBYISTS,GOVERNMENT OPERATIONS AND POLITICS,,
LOCAL GOVERNMENT,GOVERNMENT OPERATIONS AND POLITICS,,
LOCAL IMPROVEMENT DISTRICTS,GOVERNMENT OPERATIONS AND POLITICS,,
OFFICIAL STATE DESIGNATION,GOVERNMENT OPERATIONS AND POLITICS,,
"PERSONNEL AND HUMAN RESOURCES, DEPARTMENT",GOVERNMENT OPERATIONS AND POLITICS,,
PERSONNEL APPEALS BOARD,GOVERNMENT OPERATIONS AND POLITICS,,
PERSONNEL BOARD,GOVERNMENT OPERATIONS AND POLITICS,,
PERSONNEL RESOURCES BOARD,GOVERNMENT OPERATIONS AND POLITICS,,
POLITICAL PARTIES,GOVERNMENT OPERATIONS AND POLITICS,,
PUBLIC SAFETY EMPOYEES' RETIREMENT SYSTEM,GOVERNMENT OPERATIONS AND POLITICS,SAFETY,PUBLIC EMPLOYEES
"REVENUE, DEPARTMENT",GOVERNMENT OPERATIONS AND POLITICS,,
REVISED CODE OF WASHINGTON,GOVERNMENT OPERATIONS AND POLITICS,,
RISK MANAGEMENT,GOVERNMENT OPERATIONS AND POLITICS,,
SCHOOL EMPLOYEES' RETIREMENT SYSTEM,GOVERNMENT OPERATIONS AND POLITICS,EDUCATION,
SECRETARY OF STATE,GOVERNMENT OPERATIONS AND POLITICS,,
SENATE RESOLUTIONS,GOVERNMENT OPERATIONS AND POLITICS,,
STATE ACTUARY,GOVERNMENT OPERATIONS AND POLITICS,,
STATE AGENCIES AND DEPARTMENTS,GOVERNMENT OPERATIONS AND POLITICS,,
STATE AUDITOR,GOVERNMENT OPERATIONS AND POLITICS,AUDITS AND ACCOUNTABILITY,
STATE BUILDING CODE COUNCIL,GOVERNMENT OPERATIONS AND POLITICS,,
STATE BUILDINGS,GOVERNMENT OPERATIONS AND POLITICS,,
STATE CAPITOL COMMITTEE,GOVERNMENT OPERATIONS AND POLITICS,,
STATE DEBT,GOVERNMENT OPERATIONS AND POLITICS,,
"STATE DEBT, COMMISSION ON",GOVERNMENT OPERATIONS AND POLITICS,,
"STATE DESIGNATIONS, OFFICIAL",GOVERNMENT OPERATIONS AND POLITICS,,
STATE EMPLOYEES' BENEFITS BOARD,GOVERNMENT OPERATIONS AND POLITICS,,
STATE FINANCE COMMITTEE,GOVERNMENT OPERATIONS AND POLITICS,,
STATE FUNDS AND ACCOUNTS,GOVERNMENT OPERATIONS AND POLITICS,,
STATE GOVERNMENT,GOVERNMENT OPERATIONS AND POLITICS,,
STATE INVESTMENT BOARD,GOVERNMENT OPERATIONS AND POLITICS,,
STATE PUBLICATIONS,GOVERNMENT OPERATIONS AND POLITICS,,
STATE PURCHASES,GOVERNMENT OPERATIONS AND POLITICS,,
STATE TREASURER,GOVERNMENT OPERATIONS AND POLITICS,,
STATEHOOD,GOVERNMENT OPERATIONS AND POLITICS,,
"TREASURER, STATE",GOVERNMENT OPERATIONS AND POLITICS,,
UNIFORM LEGISLATION COMMISSION,GOVERNMENT OPERATIONS AND POLITICS,,
GRANGES,GRANGES,,
GRAVEL,GRAVEL,,
GROCERY STORES,GROCERY STORES,,
GROUP HOMES,GROUP HOMES,,
HAIRDRESSING,HAIRDRESSING,,
HARDWOODS COMMISSION,HARDWOODS COMMISSION,,
HATCH ACT,HATCH ACT,,
AID IN DYING,HEALTH,SOCIAL WELFARE,DEATH
AIDS,HEALTH,,
ANTIPSYCHOTIC MEDICATIONS,HEALTH,DRUGS AND ALCOHOL,
ARTIFICIAL INSEMINATION,HEALTH,,
AUTISM,HEALTH,,
BIRTH CONTROL,HEALTH,,
BIRTH DEFECTS,HEALTH,,
BLOOD,HEALTH,,
BONE MARROW TRANSPLANTATION,HEALTH,,
BREAST-FEEDING,HEALTH,CHILDREN,
CANCER,HEALTH,,
CANCER RESEARCH ENDOWMENT AUTHORITY,HEALTH,,
CHEMICAL DEPENDENCY,HEALTH,DRUGS AND ALCOHOL,
COMMUNICABLE DISEASES,HEALTH,,
DENTAL APPLIANCES AND DEVICES,HEALTH,,
DENTAL DISCIPLINARY BOARD,HEALTH,,
DENTAL QUALITY ASSURANCE COMMISSION,HEALTH,,
DIABETES,HEALTH,,
EASTERN STATE HOSPITAL,HEALTH,,
EASTERN STATE HOSPITAL ADVISORY BOARD,HEALTH,,
"HEALTH AND SAFETY, PUBLIC",HEALTH,SAFETY,
HEALTH CARE,HEALTH,,
HEALTH CARE ASSISTANTS,HEALTH CARE ASSISTANTS,,
HEALTH CARE AUTHORITY,HEALTH,,
"HEALTH, STATE BOARD",HEALTH,,
"HEALTHCARE PLAN, WASHINGTON",HEALTH,,
HEARING AIDS,HEALTH,,
HEART DISEASE,HEALTH,,
HEPATITIS,HEALTH,,
HOSPICE CARE,HEALTH,,
HOSPITAL BENEFIT ZONES,HEALTH,,
HOSPITAL DISTRICTS,HEALTH,,
HOSPITALS,HEALTH,,
IMMUNIZATION,HEALTH,,
PHARMACIES AND PHARMACISTS,HEALTH,,
"PHARMACY, BOARD",HEALTH,,
PREGNANCY,HEALTH,,
PRENATAL CARE,HEALTH,,
PUBLIC HEALTH,HEALTH,,
PUBLIC HEALTH AND SAFETY,HEALTH,SAFETY,
PUBLIC HEALTH DEPARTMENTS,HEALTH,,
PUBLIC HOSPITAL DISTRICTS,HEALTH,,
RADIATION,HEALTH,ENVIRONMENT,SAFETY
RADIATION CONTROL AGENCY,HEALTH,ENVIRONMENT,SAFETY
RENAL DISEASE,HEALTH,,
REPRODUCTIVE HEALTH,HEALTH,,
REPRODUCTIVE HEALTH AND STATUS,HEALTH,,
RURAL HEALTH,HEALTH,,
SEXUALLY TRANSMITTED DISEASES,HEALTH,,
SUICIDE,HEALTH,,
TAXES - HAZARDOUS SUBSTANCES,HEALTH,TAXES,
TOXICOLOGIST,HEALTH,,
"TOXICOLOGIST, STATE",HEALTH,,
TUBERCULOSIS,HEALTH,,
"VACCINE ASSOCIATION, WASHINGTON",HEALTH,,
VISION CARE,HEALTH,,
VITAMINS,HEALTH,,
WESTERN STATE HOSPITAL,HEALTH,,
WESTERN STATE HOSPITAL ADVISORY BOARD,HEALTH,,
"LEGISLATIVE SELECT COMMITTEE ON HEALTH REFORM IMPLEMENTATION, JOINT",HEALTH ,GOVERNMENT OPERATIONS AND POLICY,
LONG-TERM CARE,HEALTH ,,
"LONG-TERM CARE OMBUDS, OFFICE OF STATE",HEALTH ,,
LONG-TERM CARE OMBUDSMAN,HEALTH ,,
"LONG-TERM CARE OMBUDSMAN, OFFICE OF STATE",HEALTH ,,
MATERNITY CARE,HEALTH ,,
MEDICAID,HEALTH , ,
MEDICAL ASSISTANCE,HEALTH , ,
MEDICAL DISCIPLINARY BOARD,HEALTH ,,
MEDICAL EXAMINERS,HEALTH ,,
"MEDICAL EXAMINERS, BOARD",HEALTH ,,
MEDICAL QUALITY ASSURANCE COMMISSION,HEALTH ,,
MEDICAL RECORDS,HEALTH ,RECORDS,
MEDICAL TEST SITES,HEALTH ,,
MEDICARE,HEALTH ,,
MEDICINE AND MEDICAL DEVICES,HEALTH ,,
MENTAL HEALTH,HEALTH ,,
MENTAL HOSPITALS,HEALTH ,,
MENTAL ILLNESS,HEALTH ,,
MENTALLY ILL PERSONS,HEALTH ,,
NATUROPATHY,HEALTH ,,
NUTRITION,HEALTH ,,
OCCUPATIONAL THERAPY,HEALTH ,,
OSTEOPOROSIS,HEALTH  ,,
POISONING PREVENTION,HEALTH  ,SAFETY,
HEAD INJURIES,HEALTH   ,,
"HEALTH CARE COMMISSIONER, OFFICE",HEALTH   ,,
HEALTH CARE FACILITIES,HEALTH   ,,
HEALTH CARE FACILITIES AUTHORITY,HEALTH   ,,
"HEALTH CARE OVERSIGHT, JOINT SELECT COMMITTEE ON",HEALTH   ,,
HEALTH CARE POLICY BOARD,HEALTH   ,,
HEALTH CARE PRACTITIONERS,HEALTH   ,,
HEALTH CARE PROFESSIONS,HEALTH   ,,
HEALTH CARE PROFESSIONS AND PROVIDERS,HEALTH   ,,
HEALTH CARE PROVIDERS,HEALTH   ,,
HEALTH CARE SERVICE CONTRACTORS,HEALTH   ,,
"HEALTH DEPARTMENTS, LOCAL",HEALTH   ,,
HEALTH DISTRICTS,HEALTH   ,,
HEALTH MAINTENANCE ORGANIZATIONS,HEALTH   ,,
HEALTH SERVICES ACT OF 1993,HEALTH   ,,
HEALTH SERVICES COMMISSION,HEALTH   ,,
HEALTH STUDIOS,HEALTH   ,,
"HEALTH, DEPARTMENT",HEALTH   ,,
"HEALTH, LOCAL BOARDS AND DEPARTMENTS",HEALTH   ,,
"HEALTH, STATE BOARD OF",HEALTH   ,,
INTERMEDIATE CARE FACILITIES,HEALTH   ,,
MOSQUITO CONTROL,HEALTH  ,,
OSTEOPATHIC MEDICINE AND SURGERY,HEALTH ,,
HEATING,HEATING,,
HEATING AND HEATERS,HEATING,,
HIGH VOLTAGE LINES,HIGH VOLTAGE LINES,UTILITIES,
ADVANCED COLLEGE TUITION PAYMENT (GET) PROGRAM,HIGHER EDUCATION AND WORKFORCE TRAINING,,
ADVANCED COLLEGE TUITION PAYMENT PROGRAM,HIGHER EDUCATION AND WORKFORCE TRAINING,,
"ADVANCED TUITION PAYMENT, COMMITTEE",HIGHER EDUCATION AND WORKFORCE TRAINING,,
BATES TECHNICAL COLLEGE,HIGHER EDUCATION AND WORKFORCE TRAINING,,
SHORELINE COMMUNITY COLLEGE,HIGHER EDUCATION AND WORKFORCE TRAINING,,
WORK FORCE TRAINING AND EDUCATION COORDINATING BOARD,HIGHER EDUCATION AND WORKFORCE TRAINING,EDUCATION,
APPRENTICES,HIGHER EDUCATION AND WORKFORCE TRAINING,,
APPRENTICES AND APPRENTICESHIP PROGRAMS,HIGHER EDUCATION AND WORKFORCE TRAINING,,
APPRENTICESHIP AND TRAINING COUNCIL,HIGHER EDUCATION AND WORKFORCE TRAINING,,
APPRENTICESHIP COUNCIL,HIGHER EDUCATION AND WORKFORCE TRAINING,,
BELLEVUE COMMUNITY COLLEGE,HIGHER EDUCATION AND WORKFORCE TRAINING,,
BELLINGHAM TECHNICAL COLLEGE,HIGHER EDUCATION AND WORKFORCE TRAINING,,
BIG BEND COMMUNITY COLLEGE,HIGHER EDUCATION AND WORKFORCE TRAINING,,
CASCADE STATE UNIVERSITY,HIGHER EDUCATION AND WORKFORCE TRAINING,,
CENTRAL WASHINGTON UNIVERSITY,HIGHER EDUCATION AND WORKFORCE TRAINING,,
CENTRALIA COMMUNITY COLLEGE,HIGHER EDUCATION AND WORKFORCE TRAINING,,
CLARK COMMUNITY COLLEGE,HIGHER EDUCATION AND WORKFORCE TRAINING,,
CLOVER PARK TECHNICAL COLLEGE,HIGHER EDUCATION AND WORKFORCE TRAINING,,
COLLEGE SAVINGS PROGRAM,HIGHER EDUCATION AND WORKFORCE TRAINING,,
COLLEGES AND UNIVERSITIES,HIGHER EDUCATION AND WORKFORCE TRAINING,,
COLUMBIA BASIN COMMUNITY COLLEGE,HIGHER EDUCATION AND WORKFORCE TRAINING,,
COMMUNITY AND TECHNICAL COLLEGES,HIGHER EDUCATION AND WORKFORCE TRAINING,,
"COMMUNITY AND TECHNICAL COLLEGES, BOARD",HIGHER EDUCATION AND WORKFORCE TRAINING,,
"COMMUNITY AND TECHNICAL COLLEGES, STATE BOARD",HIGHER EDUCATION AND WORKFORCE TRAINING,,
"COMMUNITY AND TECHNICAL COLLEGES, STATE BOARD FOR",HIGHER EDUCATION AND WORKFORCE TRAINING,,
COMMUNITY COLLEGE EDUCATION BOARD,HIGHER EDUCATION AND WORKFORCE TRAINING,,
EASTERN WASHINGTON UNIVERSITY,HIGHER EDUCATION AND WORKFORCE TRAINING,,
EDMONDS COMMUNITY COLLEGE,HIGHER EDUCATION AND WORKFORCE TRAINING,,
EVERETT COMMUNITY COLLEGE,HIGHER EDUCATION AND WORKFORCE TRAINING,,
"EVERGREEN STATE COLLEGE, THE",HIGHER EDUCATION AND WORKFORCE TRAINING,,
GRAYS HARBOR COMMUNITY COLLEGE,HIGHER EDUCATION AND WORKFORCE TRAINING,,
GREEN RIVER COMMUNITY COLLEGE,HIGHER EDUCATION AND WORKFORCE TRAINING,,
"HIGHER EDUCATION COMMITTEE, JOINT",HIGHER EDUCATION AND WORKFORCE TRAINING,,
HIGHER EDUCATION COORDINATING BOARD,HIGHER EDUCATION AND WORKFORCE TRAINING,,
HIGHER EDUCATION FACILITIES AUTHORITY,HIGHER EDUCATION AND WORKFORCE TRAINING,,
HIGHER EDUCATION PERSONNEL BOARD,HIGHER EDUCATION AND WORKFORCE TRAINING,,
HIGHLINE COMMUNITY COLLEGE,HIGHER EDUCATION AND WORKFORCE TRAINING,,
JOINT CENTER FOR HIGHER EDUCATION,HIGHER EDUCATION AND WORKFORCE TRAINING,,
LAKE WASHINGTON TECHNICAL COLLEGE,HIGHER EDUCATION AND WORKFORCE TRAINING,,
LAW SCHOOLS,HIGHER EDUCATION AND WORKFORCE TRAINING,LAW AND JUSTICE,
LOWER COLUMBIA COMMUNITY COLLEGE,HIGHER EDUCATION AND WORKFORCE TRAINING,,
OLYMPIC COMMUNITY COLLEGE,HIGHER EDUCATION AND WORKFORCE TRAINING,,
PENINSULA COMMUNITY COLLEGE,HIGHER EDUCATION AND WORKFORCE TRAINING,,
PIERCE COMMUNITY COLLEGE,HIGHER EDUCATION AND WORKFORCE TRAINING,,
RENTON TECHNICAL COLLEGE,HIGHER EDUCATION AND WORKFORCE TRAINING,,
SCHOLARSHIPS,HIGHER EDUCATION AND WORKFORCE TRAINING,,
SEATTLE COMMUNITY COLLEGE,HIGHER EDUCATION AND WORKFORCE TRAINING,,
SEATTLE VOCATIONAL INSTITUTE,HIGHER EDUCATION AND WORKFORCE TRAINING,,
SKAGIT VALLEY COMMUNITY COLLEGE,HIGHER EDUCATION AND WORKFORCE TRAINING,,
SOUTH PUGET SOUND COMMUNITY COLLEGE,HIGHER EDUCATION AND WORKFORCE TRAINING,,
SPOKANE COMMUNITY COLLEGE,HIGHER EDUCATION AND WORKFORCE TRAINING,,
SPOKANE INTERCOLLEGIATE RESEARCH AND TECHNOLOGY INSTITUTE,HIGHER EDUCATION AND WORKFORCE TRAINING,,
SPOKANE JOINT CENTER FOR HIGHER EDUCATION,HIGHER EDUCATION AND WORKFORCE TRAINING,,
SPOKANE RESEARCH AND TECHNOLOGY INSTITUTE,HIGHER EDUCATION AND WORKFORCE TRAINING,,
SPOKANE STATE UNIVERSITY,HIGHER EDUCATION AND WORKFORCE TRAINING,,
"STUDENT FINANCIAL ASSISTANCE, OFFICE",HIGHER EDUCATION AND WORKFORCE TRAINING,EDUCATION,
"STUDENT FINANCIAL ASSISTANCE, OFFICE OF",HIGHER EDUCATION AND WORKFORCE TRAINING,EDUCATION,
TACOMA COMMUNITY COLLEGE,HIGHER EDUCATION AND WORKFORCE TRAINING,,
TECHNICAL COLLEGES,HIGHER EDUCATION AND WORKFORCE TRAINING,,
UNIVERSITY OF WASHINGTON,HIGHER EDUCATION AND WORKFORCE TRAINING,,
VOCATIONAL EDUCATION,HIGHER EDUCATION AND WORKFORCE TRAINING,,
VOCATIONAL REHABILITATION,HIGHER EDUCATION AND WORKFORCE TRAINING,,
WALLA WALLA COMMUNITY COLLEGE,HIGHER EDUCATION AND WORKFORCE TRAINING,,
WASHINGTON INSTITUTE OF APPLIED TECHNOLOGY,HIGHER EDUCATION AND WORKFORCE TRAINING,"SCIENCE, TECHNOLOGY, COMMUNICATIONS",
WASHINGTON STATE UNIVERSITY,HIGHER EDUCATION AND WORKFORCE TRAINING,,
WENATCHEE VALLEY COMMUNITY COLLEGE,HIGHER EDUCATION AND WORKFORCE TRAINING,,
WESTERN WASHINGTON UNIVERSITY,HIGHER EDUCATION AND WORKFORCE TRAINING,,
WHATCOM COMMUNITY COLLEGE,HIGHER EDUCATION AND WORKFORCE TRAINING,,
WORKER TRAINING AND WORKFORCE NEEDS,HIGHER EDUCATION AND WORKFORCE TRAINING,,
WORKFORCE TRAINING AND EDUCATION COORDINATING BOARD,HIGHER EDUCATION AND WORKFORCE TRAINING,,
YAKIMA VALLEY COMMUNITY COLLEGE,HIGHER EDUCATION AND WORKFORCE TRAINING,,
ARCHAEOLOGY,HISTORY AND ARCHAEOLOY,,
"ARCHAEOLOGY AND HISTORIC PRESERVATION, DEPARTMENT",HISTORY AND ARCHAEOLOY,,
"ARCHAEOLOGY AND HISTORIC PRESERVATION, DEPARTMENT OF",HISTORY AND ARCHAEOLOY,,
FOSSILS,HISTORY AND ARCHAEOLOY,,
HISTORIC PRESERVATION,HISTORY AND ARCHAEOLOY,,
HISTORICAL SOCIETIES,HISTORY AND ARCHAEOLOY,,
"HISTORICAL SOCIETY, WASHINGTON STATE",HISTORY AND ARCHAEOLOY,,
MUSEUMS,HISTORY AND ARCHAEOLOY,,
HOLIDAYS AND OBSERVANCES,HOLIDAYS,,
HOLOCAUST,HOLOCAUST,,
HOME AND REAL ESTATE INSPECTION,HOME AND REAL ESTATE INSPECTION,,
HOME CARE QUALITY AUTHORITY,HOME CARE QUALITY AUTHORITY,,
HOMESTEADS,HOMESTEADS,,
HOOD CANAL,HOOD CANAL,,
HORSES,HORSE  ,AGRICULTURE AND FOOD,
HORSE RACING,HORSE RACING,,
HORSE RACING COMMISSION,HORSE RACING,,
HORSES AND HORSE RACING,HORSE RACING,,
MUSHROOMS,HORTICULTURE AND AQUACULTURE,AGRICULTURE AND FOOD,
AQUACULTURE,HORTICULTURE AND AQUACULTURE,,
"FISHERIES, DEPARTMENT",HORTICULTURE AND AQUACULTURE,FISH AND WILDLIFE,
HORTICULTURE,HORTICULTURE AND AQUACULTURE,,
REGIONAL FISHERIES ENHANCEMENT PROGRAM,HORTICULTURE AND AQUACULTURE,FISH AND WILDLIFE,
SEAWEED,HORTICULTURE AND AQUACULTURE,AGRICULTURE AND FOOD,
SEEDS,HORTICULTURE AND AQUACULTURE,AGRICULTURE AND FOOD,
TREES,HORTICULTURE AND AQUACULTURE,,
WEED DISTRICTS,HORTICULTURE AND AQUACULTURE,,
WEEDS,HORTICULTURE AND AQUACULTURE,,
YEW TREES,HORTIULTURE AND AQUACULTUE,,
HOTELS AND MOTELS,HOTELS AND MOTELS,,
APARTMENT AND ROOMING HOUSES,HOUSING,,
BOARDING HOMES,HOUSING,,
CONDOMINIUMS,HOUSING,,
HOMEOWNER ASSOCIATIONS,HOUSING,,
HOMEOWNERS' ASSOCIATIONS,HOUSING,,
HOMES AND HOUSING,HOUSING,,
HOUSING,HOUSING,,
HOUSING AUTHORITIES,HOUSING,,
HOUSING FINANCE COMMISSION,HOUSING,,
LANDLORD AND TENANT,HOUSING,,
MANUFACTURED HOUSING,HOUSING,,
MANUFACTURED HOUSING AND MOBILE HOMES,HOUSING,,
MOBILE HOME PARKS,HOUSING,,
MOBILE HOMES,HOUSING,,
RENT,HOUSING,,
TENANCIES,HOUSING,,
HUMAN REMAINS,HUMAN REMAINS,DEATH,
HUMANE SOCIETIES,HUMANE SOCIETIES,,
HYDRAULIC PERMITS,HYDRAULIC,,
HYDRAULIC PERMITS AND PROJECTS,HYDRAULIC,,
"HYOGO PREFECTURE, JAPAN","HYOGO PREFECTURE, JAPAN",,
IDAHO,IDAHO,,
IDENTIFICATION,IDENTIFICATION,,
IDENTITY,IDENTITY,,
IMMIGRATION,IMMIGRATION,,
IMMIGRATION AND IMMIGRANTS,IMMIGRATION,,
"IMMIGRATION, IMMIGRANTS, AND IMMIGRATION STATUS",IMMIGRATION,,
IMMUNITY,IMMUNITY,,
IMPROVEMENT DISTRICTS,IMPROVEMENT DISTRICTS,,
INDIGENTS,INDIGENTS,,
INDONESIA,INDONESIA,,
INITIATIVE 601,INITIATIVE 601,,
INNOVATE WASHINGTON,INNOVATE WASHINGTON,,
INSTITUTIONS,INSTITUTIONS,,
INDUSTRIAL INSURANCE APPEALS BOARD,INSURANCE,,
"INDUSTRIAL INSURANCE APPEALS, BOARD",INSURANCE,,
INSURANCE,INSURANCE,,
INSURANCE COMMISSIONER,INSURANCE,,
LIMITED CASUALTY PROGRAM,INSURANCE,,
"WORKERS OF INDUSTRIAL INSURANCE SELF-INSURED EMPLOYERS, OFFICE OF OMBUDS FOR",INSURANCE,LABOR AND EMPLOYMENT,
WORKERS' COMPENSATION,INSURANCE,LABOR AND EMPLOYMENT,
INTERIOR DESIGNERS,INTERIOR DESIGNERS,,
INTERPRETERS,INTERPRETERS,,
INTERSTATE COMMERCE,INTERSTATE,,
INTERSTATE COMPACTS,INTERSTATE,,
INVESTMENT BOARD,INVESTMENT,,
"INVESTMENT BOARD, STATE",INVESTMENT,,
INVESTMENTS,INVESTMENT,,
ISLANDS,ISLANDS,,
JAPAN,JAPAN,,
JOINT MEMORIALS,JOINT MEMORIALS,,
JOINT OPERATING AGENCIES,JOINT OPERATING AGENCIES,,
JOINT RESOLUTIONS,JOINT RESOLUTIONS,,
"JUAN DE FUCA, STRAIT OF","JUAN DE FUCA, STRAIT OF",,
APPELLATE PROCEDURE,JUDICIAL,,
ARBITRATION,JUDICIAL,,
COURT OF APPEALS,JUDICIAL,,
COURT REPORTERS,JUDICIAL,,
"COURT RESEARCH, CENTER FOR",JUDICIAL,,
COURTHOUSE FACILITATOR PROGRAM,JUDICIAL,,
COURTS,JUDICIAL,,
"COURTS, OFFICE OF THE ADMINISTRATOR",JUDICIAL,,
DISTRICT COURT,JUDICIAL,,
JUDGES,JUDICIAL,,
JUDGMENTS,JUDICIAL,,
JUDICIAL CONDUCT COMMISSION,JUDICIAL,,
"JUDICIAL CONDUCT, COMMISSION",JUDICIAL,,
"JUDICIAL CONDUCT, COMMISSION ON",JUDICIAL,,
JURIES,JUDICIAL,,
JURIES AND JURORS,JUDICIAL,,
MUNICIPAL RESEARCH COUNCIL,JUDICIAL,,
ORDERS OF COURT,JUDICIAL,,
SMALL CLAIMS COURT,JUDICIAL,,
SUPERIOR COURT,JUDICIAL,,
SUPREME COURT,JUDICIAL,,
KINGDOME,KINGDOME,,
KLONDIKE GOLD RUSH,KLONDIKE GOLD RUSH,,
KOSOVAR,KOSOVAR,,
EMPLOYER AND EMPLOYEE,LABOR AND EMPLOYMENT,,
EMPLOYMENT,LABOR AND EMPLOYMENT,,
EMPLOYMENT AGENCIES,LABOR AND EMPLOYMENT,,
EMPLOYMENT AND EMPLOYEES,LABOR AND EMPLOYMENT,,
EMPLOYMENT RELATIONS COMMISSION,LABOR AND EMPLOYMENT,,
EMPLOYMENT SECURITY DEPARTMENT,LABOR AND EMPLOYMENT,,
"EMPLOYMENT SECURITY, DEPARTMENT",LABOR AND EMPLOYMENT,,
LABOR,LABOR AND EMPLOYMENT,,
"LABOR AND INDUSTRIES, DEPARTMENT",LABOR AND EMPLOYMENT,,
LABOR RELATIONS,LABOR AND EMPLOYMENT,,
MINIMUM WAGE,LABOR AND EMPLOYMENT,,
PENSIONS AND RETIREMENT,LABOR AND EMPLOYMENT,,
PUBLIC EMPLOYEE BENEFITS BOARD,LABOR AND EMPLOYMENT,PUBLIC EMPLOYEES,
PUBLIC EMPLOYEES' BENEFITS BOARD,LABOR AND EMPLOYMENT,PUBLIC EMPLOYEES,
PUBLIC EMPLOYEES' RETIREMENT SYSTEM,LABOR AND EMPLOYMENT,PUBLIC EMPLOYEES,
PUBLIC EMPLOYMENT AND EMPLOYEES,LABOR AND EMPLOYMENT,PUBLIC EMPLOYEES,
PUBLIC EMPLOYMENT RELATIONS COMMISSION,LABOR AND EMPLOYMENT,PUBLIC EMPLOYEES,
STRIKES,LABOR AND EMPLOYMENT,,
UNEMPLOYMENT COMPENSATION,LABOR AND EMPLOYMENT,,
WAGES AND HOURS,LABOR AND EMPLOYMENT,,
WORK RELEASE,LABOR AND EMPLOYMENT,,
LAKE ROOSEVELT,LAKE ROOSEVELT,,
LANDSCAPING,LANDSCAPING,,
LANDSLIDES,LANDSLIDES,,
LASER POINTERS,LASER POINTERS,,
LAUNDRY FACILITIES,LAUNDRY FACILITIES,,
ABANDONMENT,LAW AND JUSTICE,,
ABUSE,LAW AND JUSTICE,,
ALTERNATIVE DISPUTE RESOLUTION,LAW AND JUSTICE,,
ARREST,LAW AND JUSTICE,,
ATTORNEY GENERAL,LAW AND JUSTICE,,
AUTOPSIES,LAW AND JUSTICE,,
BACKGROUND CHECKS,LAW AND JUSTICE,,
BAIL AND BAIL BONDS,LAW AND JUSTICE,,
BAILOR AND BAILEE,LAW AND JUSTICE,,
BOUNTY HUNTERS,LAW AND JUSTICE,,
CIVIL DISORDER,LAW AND JUSTICE,,
CIVIL INFRACTIONS,LAW AND JUSTICE,,
"CIVIL LEGAL AID, OFFICE",LAW AND JUSTICE,,
CIVIL PROCEDURE,LAW AND JUSTICE,,
CLEMENCY AND PARDONS BOARD,LAW AND JUSTICE,,
COLLECTIVE BARGAINING,LAW AND JUSTICE,,
COMMUNITY CORRECTIONS,LAW AND JUSTICE,,
CONCURRENT RESOLUTIONS,LAW AND JUSTICE,,
CONDEMNATION,LAW AND JUSTICE,,
CONSPIRACY,LAW AND JUSTICE,,
CORPORAL PUNISHMENT,LAW AND JUSTICE,,
CORRECTIONAL FACILITIES AND JAILS,LAW AND JUSTICE,,
"CORRECTIONS, DEPARTMENT",LAW AND JUSTICE,,
"CORRECTIONS, DEPARTMENT OF",LAW AND JUSTICE,,
CRIME PREVENTION,LAW AND JUSTICE,,
CRIMES,LAW AND JUSTICE,,
CRIMINAL JUSTICE INFORMATION,LAW AND JUSTICE,,
CRIMINAL JUSTICE SERVICES,LAW AND JUSTICE,,
CRIMINAL JUSTICE TRAINING COMMISSION,LAW AND JUSTICE,,
CRIMINAL OFFENDERS,LAW AND JUSTICE,,
CRIMINAL PROCEDURE,LAW AND JUSTICE,,
DEATH PENALTY,LAW AND JUSTICE,,
DOMESTIC VIOLENCE,LAW AND JUSTICE,,
DRIVING UNDER THE INFLUENCE,LAW AND JUSTICE,,
DRIVING WHILE INTOXICATED,LAW AND JUSTICE,,
DRUNK DRIVING,LAW AND JUSTICE,,
EVIDENCE,LAW AND JUSTICE,,
EXECUTIONS,LAW AND JUSTICE,,
EXTRADITION,LAW AND JUSTICE,,
FINGERPRINTING,LAW AND JUSTICE,,
FORENSIC INVESTIGATIONS COUNCIL,LAW AND JUSTICE,,
GANGS,LAW AND JUSTICE,,
GARNISHMENT,LAW AND JUSTICE,,
GRAFFITI,LAW AND JUSTICE,,
HARASSMENT,LAW AND JUSTICE,,
HAZING,LAW AND JUSTICE,,
HOMICIDE,LAW AND JUSTICE,,
IMPERSONATION,LAW AND JUSTICE,,
IMPLIED CONSENT,LAW AND JUSTICE,,
INDETERMINATE SENTENCE REVIEW BOARD,LAW AND JUSTICE,,
INJUNCTIONS,LAW AND JUSTICE,,
"INSANITY, CRIMINAL",LAW AND JUSTICE,,
INVOLUNTARY COMMITMENT,LAW AND JUSTICE,,
JAILS,LAW AND JUSTICE,,
JUVENILE COURT,LAW AND JUSTICE,CHILDREN,
JUVENILE COURT AND JUVENILE OFFENDERS,LAW AND JUSTICE,CHILDREN,
JUVENILE DISPOSITION STANDARDS COMMISSION,LAW AND JUSTICE,CHILDREN,
JUVENILE JUSTICE ACT,LAW AND JUSTICE,CHILDREN,
JUVENILE OFFENDERS,LAW AND JUSTICE,CHILDREN,
KIDNAPPING,LAW AND JUSTICE,CHILDREN,
LAW ENFORCEMENT,LAW AND JUSTICE,,
LAW ENFORCEMENT AND LAW ENFORCEMENT OFFICERS,LAW AND JUSTICE,,
LAW ENFORCEMENT MEDAL OF HONOR,LAW AND JUSTICE,,
LAW ENFORCEMENT OFFICERS,LAW AND JUSTICE,,
LEGAL AID,LAW AND JUSTICE,,
LEGAL NOTICES,LAW AND JUSTICE,,
LEMON LAW,LAW AND JUSTICE, ,
LIFE IMPRISONMENT,LAW AND JUSTICE,,
LIMITATIONS OF ACTIONS,LAW AND JUSTICE,,
LITTER AND LITTERING,LAW AND JUSTICE,,
LITTERING,LAW AND JUSTICE,,
MALFEASANCE,LAW AND JUSTICE,,
MALPRACTICE,LAW AND JUSTICE,,
MEDIATION,LAW AND JUSTICE,,
NEGLIGENCE,LAW AND JUSTICE,,
NEGOTIABLE INSTRUMENTS,LAW AND JUSTICE,,
NO-CONTACT ORDERS,LAW AND JUSTICE,,
NUISANCES,LAW AND JUSTICE,,
OBSCENITY AND PORNOGRAPHY,LAW AND JUSTICE,,
PLEA BARGAINING,LAW AND JUSTICE,,
POLICE,LAW AND JUSTICE,,
POLYGRAPHS,LAW AND JUSTICE,,
PORNOGRAPHY,LAW AND JUSTICE,,
POWER OF ATTORNEY,LAW AND JUSTICE,,
PRECINCT COMMITTEE OFFICERS,LAW AND JUSTICE,,
PRISONS AND PRISONERS,LAW AND JUSTICE,,
PROBATE,LAW AND JUSTICE,,
PROBATION AND PAROLE,LAW AND JUSTICE,,
PROFITEERING,LAW AND JUSTICE,,
PROSECUTING ATTORNEYS,LAW AND JUSTICE,,
PROSTITUTION,LAW AND JUSTICE,,
PUBLIC DEFENDER SERVICES,LAW AND JUSTICE,,
"PUBLIC DEFENSE, OFFICE",LAW AND JUSTICE,,
"REGULATORY ASSISTANCE, OFFICE",LAW AND JUSTICE,,
REGULATORY REFORM,LAW AND JUSTICE,,
RESTITUTION,LAW AND JUSTICE,,
RESTRAINING ORDERS,LAW AND JUSTICE,,
SABOTAGE,LAW AND JUSTICE,,
SEARCH AND SEIZURE,LAW AND JUSTICE,,
SENTENCING,LAW AND JUSTICE,,
SENTENCING GUIDELINES COMMISSION,LAW AND JUSTICE,,
SEX OFFENDER POLICY BOARD,LAW AND JUSTICE,,
SEX OFFENDER THERAPISTS,LAW AND JUSTICE,HEALTH,
SEX OFFENSES AND OFFENDERS,LAW AND JUSTICE,,
SEXUAL HARASSMENT,LAW AND JUSTICE,"CIVIL RIGHTS AND LIBERTIES, MINORITY ISSUES",
SHERIFFS,LAW AND JUSTICE,,
"SHERIFFS AND POLICE CHIEFS, ASSOCIATION OF",LAW AND JUSTICE,,
"SHERIFFS AND POLICE CHIEFS, WASHINGTON ASSOCIATION OF",LAW AND JUSTICE,,
"SHERIFFS AND POLICE CHIEFS, WASHINGTON ASSOCIATION OF (WASPC)",LAW AND JUSTICE,,
STATE LAW LIBRARY,LAW AND JUSTICE,LIBRARY,
STATE PATROL,LAW AND JUSTICE,,
STATUTE LAW COMMITTEE,LAW AND JUSTICE,,
TORTS,LAW AND JUSTICE,,
TRESPASS,LAW AND JUSTICE,,
UNIFORM DISCIPLINARY ACT,LAW AND JUSTICE,,
UNIFORM LAW COMMISSION,LAW AND JUSTICE,,
WARRANTS,LAW AND JUSTICE,,
WIRETAPPING,LAW AND JUSTICE,"SCIENCE, TECHNOLOGY, COMMUNICATIONS",
WITNESSES,LAW AND JUSTICE,,
WRONGFUL DEATH ACTIONS,LAW AND JUSTICE,,
LEAD,LEAD,,
LEASES,LEASES,,
LEGAL ASSISTANTS,LEGAL ASSISTANTS,,
LEWIS AND CLARK BICENTENNIAL,LEWIS AND CLARK,,
LEWIS AND CLARK TRAIL,LEWIS AND CLARK,,
STATE LIBRARY,LIBRARY,,
LIGHTING,LIGHTING,,
LINCOLN TERRITORY,LINCOLN TERRITORY,,
LIS PENDENS,LIS PENDENS,,
TAXES - LITTER,LITTER,,
ADULT FAMILY HOMES,LONG TERM CARE,HEALTH  , 
ADULT RESIDENTIAL CARE SERVICES,LONG TERM CARE,HEALTH, 
LONGSHORE AND HARBOR WORKERS,LONGSHORE AND HARBOR WORKERS,,
LOTTERY,LOTTERY,,
LOTTERY COMMISSION,LOTTERY,,
"LOTTERY, STATE",LOTTERY,,
MAGAZINES,MAGAZINES,,
MAIL,MAIL,,
MAILBOXES,MAIL,,
MANUFACTURING,MANUFACTURING ,,
MARINE EMPLOYEES' COMMISSION,MARINE,,
MARITIME BICENTENNIAL,MARINE,MARITIME BICENTENNIAL,
MARITIME COMMISSION,MARINE,MARITIME COMMISSION,
MERCHANT MARINE,MARINE,,
OCEAN MARINE TERMINALS,MARINE,,
"PILOTAGE COMMISSIONERS, BOARD",MARINE,,
"PILOTAGE COMMISSIONERS, BOARD OF",MARINE,,
"PILOTS, MARITIME",MARINE,,
MASSAGE THERAPY,MASSAGE THERAPY,,
MATERIALS MANAGEMENT AND FINANCING AUTHORITY,MATERIALS MANAGEMENT,,
"MATERIALS MANAGEMENT AND FINANCING AUTHORITY, WASHINGTON",MATERIALS MANAGEMENT,,
MATTRESSES,MATTRESSES,,
MEDALS,MEDALS,,
NEWS MEDIA,MEDIA,,
NEWSPAPERS,MEDIA,,
MEDICAL TECHNOLOGISTS,MEDICAL TECHNOLOGISTS,,
MEMORIALS,MEMORIALS,,
METAL DETECTORS,METAL DETECTORS,,
METAL,METALS,,
METALS,METALS,,
METRIC SYSTEM,METRIC SYSTEM,,
METROPOLITAN MUNICIPAL CORPORATIONS,METROPOLITAN MUNICIPAL CORPORATIONS,,
METROPOLITAN MUNICIPAL COUNCILS,METROPOLITAN MUNICIPAL COUNCILS,,
METROPOLITAN PARK DISTRICTS,METROPOLITAN PARK DISTRICTS,,
MEXICO,MEXICO,,
MIDWIVES,MIDWIVES,,
MILITARY,MILITARY,,
MILITARY DEPARTMENT,MILITARY,,
NATIONAL GUARD,MILITARY,,
VETERANS,MILITARY,,
"VETERANS AFFAIRS, DEPARTMENT",MILITARY,,
MILWAUKEE ROAD,MILWAUKEE ROAD,,
MINES AND MINING,MINES AND MINING,,
MINIMARTS,MINIMARTS,,
MODELING,MODELING,,
MONUMENTS,MONUMENTS,,
MOSES LAKE,MOSES LAKE,,
MOTHER JOSEPH,MOTHER JOSEPH,,
MOTION PICTURES,MOTION PICTURES,,
MOTOR FREIGHT CARRIERS,MOTOR FREIGHT CARRIERS,,
MOTOR VEHICLE DEALERS,MOTOR VEHICLE DEALERS,,
MOUNT RAINIER,MOUNT RAINIER,,
MOUNT ST. HELENS,MOUNT ST. HELENS,,
MOVIES,MOVIES,,
MOVING AND STORAGE COMPANIES,MOVING AND STORAGE COMPANIES,,
MUNICIPAL COURT,MUNICIPAL COURT,,
MUSIC AND MUSICIANS,MUSICIANS,,
NAMED ACTS,NAMED ACTS,,
NAMES,NAMES,,
"INDIAN AFFAIRS, GOVERNOR'S OFFICE OF",NATIVE AMERICANS,"CIVIL RIGHTS AND LIBERTIES, MINORITY ISSUES",
INDIANS,NATIVE AMERICANS,"CIVIL RIGHTS AND LIBERTIES, MINORITY ISSUES",
NATURAL DEATH ACT,NATURAL DEATH ACT,DEATH,
NEIGHBORHOOD ACTIVITY CENTERS,NEIGHBORHOOD ACTIVITY CENTERS,,
NEIGHBORHOOD BLIGHT,NEIGHBORHOOD BLIGHT,,
NOISE,NOISE,,
NONPROFIT CORPORATIONS,NONPROFIT,,
NONPROFIT ORGANIZATIONS,NONPROFIT,,
NORTHERN IRELAND,NORTHERN IRELAND,,
NOTES,NOTES,,
NURSE PRACTITIONERS,NURSE PRACTITIONERS,,
NURSES,NURSES,,
NURSING ASSISTANTS,NURSES,,
NURSING HOMES,NURSING HOMES,,
OCULARISTS,OCULARISTS,,
OPEN PUBLIC MEETINGS,OPEN PUBLIC MEETINGS,,
OPEN SPACES,OPEN SPACES,,
OPTHAMOLOGISTS,OPTHAMOLOGISTS,,
OPTICIANS,OPTICIANS,,
OPTOMETRISTS,OPTOMETRISTS,,
OPTOMETRY,OPTOMETRY,,
OPTOMETRY AND OPTOMETRISTS,OPTOMETRY AND OPTOMETRISTS,,
OREGON,OREGON,,
ORTHOTISTS AND PROSTHETISTS,ORTHOTISTS AND PROSTHETISTS,,
OSTEOPATHIC PHYSICIAN ASSISTANTS,OSTEOPATHIC PHYSICIAN ASSISTANTS,,
OSTEOPATHIC PHYSICIANS,OSTEOPATHIC PHYSICIANS,,
OUTSOURCING,OUTSOURCING,,
OXYGEN,OXYGEN,,
PACKAGE DELIVERY SERVICES,PACKAGE DELIVERY SERVICES,,
PACKERS AND GUIDES,PACKERS AND GUIDES,,
PAINTS,PAINTS,,
PAPER,PAPER,,
PARADES,PARADES,,
PARALEGALS,PARALEGALS,,
PARKING,PARKING,,
PARKING AND BUSINESS IMPROVEMENT AREAS,PARKING,,
DISCOVER PASS,PARKS AND NATURAL RESOURCES,,
FOREST AND FOREST PRACTICES,PARKS AND NATURAL RESOURCES,,
FOREST LAND,PARKS AND NATURAL RESOURCES,,
FOREST PRACTICES,PARKS AND NATURAL RESOURCES,,
FOREST PRACTICES AND PRODUCTS,PARKS AND NATURAL RESOURCES,,
FOREST PRACTICES APPEALS BOARD,PARKS AND NATURAL RESOURCES,,
FOREST PRACTICES BOARD,PARKS AND NATURAL RESOURCES,,
FOREST PRODUCTS COMMISSION,PARKS AND NATURAL RESOURCES,,
FOREST PRODUCTS INDUSTRY,PARKS AND NATURAL RESOURCES,,
"FORESTERS, CONSULTING",PARKS AND NATURAL RESOURCES,,
HARBOR AREAS,PARKS AND NATURAL RESOURCES,,
"HORSE PARK AUTHORITY, STATE",PARKS AND NATURAL RESOURCES,,
LAKE MANAGEMENT DISTRICTS,PARKS AND NATURAL RESOURCES,,
LAKES AND RESERVOIRS,PARKS AND NATURAL RESOURCES,,
LARABEE STATE PARK,PARKS AND NATURAL RESOURCES,,
"NATURAL RESOURCE ENFORCEMENT, OFFICE",PARKS AND NATURAL RESOURCES,,
NATURAL RESOURCES,PARKS AND NATURAL RESOURCES,,
"NATURAL RESOURCES, BOARD",PARKS AND NATURAL RESOURCES,,
"NATURAL RESOURCES, DEPARTMENT",PARKS AND NATURAL RESOURCES,,
NAVIGABLE WATERS,PARKS AND NATURAL RESOURCES,TRANSPORTATION,
OCEAN RESOURCES,PARKS AND NATURAL RESOURCES,,
OCEAN WATERS AND RESOURCES,PARKS AND NATURAL RESOURCES,,
OLYMPIC NATURAL RESOURCES CENTER,PARKS AND NATURAL RESOURCES,,
PARKS,PARKS AND NATURAL RESOURCES,,
PUBLIC LANDS,PARKS AND NATURAL RESOURCES,,
"PUBLIC LANDS, COMMISSIONER",PARKS AND NATURAL RESOURCES,,
SHORELINE HEARINGS BOARD,PARKS AND NATURAL RESOURCES,SHORELINE,
SHORELINES AND SHORELINE MANAGEMENT,PARKS AND NATURAL RESOURCES,SHORELINE,
SHORELINES HEARINGS BOARD,PARKS AND NATURAL RESOURCES,SHORELINE,
STATE PARKS,PARKS AND NATURAL RESOURCES, ,
TERRITORIAL WATERS,PARKS AND NATURAL RESOURCES,BOUNDARIES,
TIDELANDS,PARKS AND NATURAL RESOURCES,,
WASHINGTON LAND BANK,PARKS AND NATURAL RESOURCES,,
WATER RIGHTS,PARKS AND NATURAL RESOURCES,WATER,
PATERNITY,PATERNITY,CHILDREN,FAMILY
PAWNBROKERS AND SECOND-HAND DEALERS,PAWNBROKERS AND SECOND-HAND DEALERS,,
PAYMENT AGREEMENTS,PAYMENT AGREEMENTS,,
PEACE CORPS,PEACE CORPS,,
PERSIAN GULF,PERSIAN GULF,,
"PERSONNEL, DEPARTMENT",PERSONNEL,,
PEST CONTROL,PEST CONTROL,,
PEST CONTROL AND PESTICIDES,PEST CONTROL,,
PESTICIDES,PEST CONTROL, ,
PHILIPPINES,PHILIPPINES,,
PHOTOGRAPHY STUDIOS,PHOTOGRAPHY STUDIOS,,
PHYSICAL FITNESS SERVICES,PHYSICAL FITNESS SERVICES,,
PHYSICAL THERAPIST ASSISTANTS,PHYSICAL THERAPIST ASSISTANTS,,
PHYSICAL THERAPISTS,PHYSICAL THERAPISTS,,
PHYSICIAN ASSISTANTS,PHYSICIAN ASSISTANTS,,
PHYSICIANS,PHYSICIANS,,
PIPELINES,PIPELINES,,
PLASTIC,PLASTIC,,
PLATS,PLATS,,
PLUMBERS,PLUMBERS,,
PLUMBERS AND PLUMBING,PLUMBERS,,
PLUMBING AND PLUMBERS,PLUMBERS,,
PODIATRY AND PODIATRISTS,PODIATRY AND PODIATRISTS,,
"PUBLIC POLICY, INSTITUTE",POLICY,,
"PUBLIC POLICY, INSTITUTE FOR",POLICY,,
PORT DISTRICTS,PORTS,PARKS AND NATURAL RESOURCES,
PORTS,PORTS,PARKS AND NATURAL RESOURCES,
"PORTS, PUBLIC",PORTS,PARKS AND NATURAL RESOURCES,
PRINTERS AND PRINTING,PRINTERS AND PRINTING,,
PRISONERS OF WAR,PRISONERS OF WAR,,
PRIVATE INVESTIGATORS,PRIVATE INVESTIGATORS,,
PRIZES,PRIZES,,
PROCESS SERVERS,PROCESS SERVERS,,
PRODUCTIVITY BOARD,PRODUCTIVITY BOARD,,
PRODUCTS LIABILITY,PRODUCTS LIABILITY,,
"PROFESSIONAL ENGINEERS AND LAND SURVEYORS, STATE BOARD OF REGISTRATION FOR","PROFESSIONAL ENGINEERS AND LAND SURVEYORS, STATE BOARD OF REGISTRATION FOR",MAPPING,
PROFESSIONAL SERVICE CORPORATIONS,PROFESSIONAL SERVICE CORPORATIONS,,
ABANDONED PROPERTY,PROPERTY,,
ADVERSE POSSESSION,PROPERTY,,
DECEDENTS' ESTATES,PROPERTY,,
EMINENT DOMAIN,PROPERTY,,
ESTATES,PROPERTY,,
"ESTATES, TRUSTS, AND PROBATE",PROPERTY,,
PERSONAL PROPERTY,PROPERTY,,
PROPERTY,PROPERTY,,
PROPERTY MANAGEMENT,PROPERTY,,
REPOSSESSION,PROPERTY,,
SURPLUS PROPERTY,PROPERTY,,
TAKING OF PRIVATE PROPERTY,PROPERTY,,
TIMESHARE PROPERTIES,PROPERTY,,
UNCLAIMED PROPERTY,PROPERTY,,
PSYCHIATRY AND PSYCHIATRISTS,PSYCHIATRY AND PSYCHIATRISTS,,
PSYCHOLOGISTS,PSYCHOLOGISTS,,
PUBLIC BUILDINGS,PUBLIC BUILDINGS,,
PUBLIC CORPORATIONS,PUBLIC CORPORATIONS,,
PUBLIC DEBTS,PUBLIC DEBTS,,
PUBLIC DEPOSITARIES,PUBLIC DEPOSITARIES,,
PUBLIC FACILITIES,PUBLIC FACILITIES,,
PUBLIC FACILITIES DISTRICTS,PUBLIC FACILITIES,,
PUBLIC FUNDS AND ACCOUNTS,PUBLIC FUNDS AND ACCOUNTS,,
"PUBLIC GUARDIANSHIP, OFFICE","PUBLIC GUARDIANSHIP, OFFICE",,
STATE LANDS,PUBLIC LANDS AND NATURAL RESOURCES,,
PUBLIC OFFICERS AND EMPLOYEES,PUBLIC OFFICERS AND EMPLOYEES,,
BRIDGES,PUBLIC WORKS,,
PUBLIC WORKS,PUBLIC WORKS,,
PUBLIC WORKS BOARD,PUBLIC WORKS,,
PUBLISHERS AND PUBLICATIONS,PUBLISHERS AND PUBLICATIONS,,
PUGET SOUND,PUGET SOUND,,
PUGET SOUND ACTION TEAM,PUGET SOUND,,
PUGET SOUND PARTNERSHIP,PUGET SOUND,,
RADIOLOGIC TECHNOLOGISTS,RADIOLOGIC TECHNOLOGISTS,,
RADON,RADON,,
RAFFLES,RAFFLES,,
REAL ESTATE AND REAL PROPERTY,PROPERTY,,
REAL ESTATE APPRAISERS,PROPERTY,,
REAL ESTATE COMMISSION,PROPERTY,,
RECALL,RECALL,,
RECEIVERS AND RECEIVERSHIP,RECEIVERS AND RECEIVERSHIP,,
RECLAMATION DISTRICTS,RECLAMATION DISTRICTS,,
RECORDING,RECORDS,,
RECORDING RIGHTS,RECORDS,,
RECORDINGS,RECORDS,,
DEEDS,RECORDS,,
GOVERNMENT DOCUMENTS,RECORDS,,
NOTARIES PUBLIC,RECORDS,,
PUBLIC RECORDS,RECORDS,,
RECORDS,RECORDS,,
VITAL RECORDS,RECORDS,HEALTH,
VITAL STATISTICS,RECORDS,HEALTH,
BIRTH CERTIFICATES,RECORDS  ,,
ARCHIVES,RECORDS ,,
ARCHIVES AND RECORD MANAGEMENT,RECORDS ,,
ARCHIVES AND RECORDS MANAGEMENT,RECORDS ,,
"ARCHIVIST, STATE",RECORDS ,,
ALL-TERRAIN VEHICLES,RECREATION AND SPORTS,TRANSPORTATION,
ATHLETIC COMMISSION,RECREATION AND SPORTS,,
BUNGEE JUMPING,RECREATION AND SPORTS,,
CAMPS AND CAMPING,RECREATION AND SPORTS,,
CLUBS,RECREATION AND SPORTS,,
"DIVERS, RECREATIONAL",RECREATION AND SPORTS,,
"FISHING, RECREATIONAL",RECREATION AND SPORTS,FISH AND WILDLIFE,
GOLF CLUBS,RECREATION AND SPORTS,,
HOBBIES,RECREATION AND SPORTS,,
HUNTING,RECREATION AND SPORTS,,
INTERAGENCY COMMITTEE FOR OUTDOOR RECREATION,RECREATION AND SPORTS,,
JET SKIS,RECREATION AND SPORTS,,
MARTIAL ARTS,RECREATION AND SPORTS,,
OUTDOOR RECREATION,RECREATION AND SPORTS,PARKS AND NATURAL RESOURCES,
"OUTDOOR RECREATION, INTERAGENCY COMMITTEE FOR",RECREATION AND SPORTS,PARKS AND NATURAL RESOURCES,
PARK AND RECREATION DISTRICTS,RECREATION AND SPORTS,PARKS AND NATURAL RESOURCES,
"PARKS, RECREATION, AND SPORTS COMMISSION",RECREATION AND SPORTS,PARKS AND NATURAL RESOURCES,
PERSONAL FLOTATION DEVICES,RECREATION AND SPORTS,,
RECREATION,RECREATION AND SPORTS,,
RECREATION AND CONSERVATION OFFICE,RECREATION AND SPORTS,ENVIRONMENT,
RECREATIONAL VEHICLES,RECREATION AND SPORTS,TRANSPORTATION,
SKIING,RECREATION AND SPORTS,,
SNOWMOBILES,RECREATION AND SPORTS,TRANSPORTATION,
SPORTS,RECREATION AND SPORTS,,
SPORTS AND RECREATION,RECREATION AND SPORTS,,
STADIUMS AND OTHER VENUES,RECREATION AND SPORTS,,
SWIMMING POOLS,RECREATION AND SPORTS,,
THEATERS,RECREATION AND SPORTS,,
THEATRES,RECREATION AND SPORTS,,
TRAVEL AGENCIES AND AGENTS,RECREATION AND SPORTS,,
TRAVEL CHARTER AND TOUR OPERATORS,RECREATION AND SPORTS,,
TRAVEL TRAILERS AND CAMPERS,RECREATION AND SPORTS,TRANSPORTATION,
WHITEWATER RIVER RAFTING,RECREATION AND SPORTS,,
TAXES - REFERENDUM MEASURES,REFERENDUM,,
REFRIGERATION AND AIR CONDITIONING,REFRIGERATION AND AIR CONDITIONING,,
RELIGION,RELIGION,,
RELIGION AND RELIGIOUS ORGANIZATIONS,RELIGION,,
RESIDENCY,RESIDENCY,,
RESIDENTIAL CARE,RESIDENTIAL CARE,,
RESPIRATORY CARE PRACTITIONERS,RESPIRATORY CARE PRACTITIONERS,,
RESTAURANTS,RESTAURANTS,,
RESTROOMS,RESTROOMS,,
"RESTROOMS, PUBLIC",RESTROOMS,,
RETIREMENT AND PENSIONS,RETIREMENT,,
RETIREMENT CENTERS,RETIREMENT,,
"RETIREMENT SYSTEMS, DEPARTMENT",RETIREMENT,,
REWARDS,REWARDS,,
"RIEGER, ERWIN O.","RIEGER, ERWIN O.",,
COLUMBIA RIVER,RIVER,,
COLUMBIA RIVER GORGE COMMISSION,RIVER,,
COWLITZ RIVER,RIVER,,
DEWATTO RIVER,RIVER,,
DUNGENESS RIVER,RIVER,,
GREEN RIVER,RIVER,,
SCENIC RIVER SYSTEM,RIVER,,
SKAGIT RIVER,RIVER,,
SNAKE RIVER,RIVER,,
SNOQUALMIE RIVER,RIVER,,
TAHUYA RIVER,RIVER,,
TOUTLE RIVER,RIVER,,
YAKIMA RIVER,RIVER,,
ROCKS AND MINERALS,ROCKS AND MINERALS,,
RODENTS,RODENTS,,
RODEOS,RODEOS,,
RUSSIA,RUSSIA,,
ASBESTOS,SAFETY,,
CONSUMER PROTECTION,SAFETY,,
CONSUMER REPORTING AGENCIES,SAFETY,,
HAZARDOUS MATERIALS,SAFETY,ENVIRONMENT,
INDUSTRIAL SAFETY,SAFETY,,
INDUSTRIAL SAFETY AND HEALTH,SAFETY,HEALTH,
MARINE SAFETY,SAFETY,MARINE,
"MARINE SAFETY, OFFICE",SAFETY,MARINE,
MERCURY,SAFETY,ENVIRONMENT,
MODEL TOXICS CONTROL ACT,SAFETY,ENVIRONMENT,
PUBLIC SAFETY,SAFETY,,
PUBLIC SAFETY EMPLOYEES' RETIREMENT SYSTEM,SAFETY,PUBLIC EMPLOYEES,
PUBLIC SAFETY TESTING LABORATORIES,SAFETY,,
SAN JUAN ISLANDS,SAN JUAN ISLANDS,,
SAND AND GRAVEL,SAND AND GRAVEL,,
SATSOP,SATSOP,,
SCATTER CREEK,SCATTER CREEK,,
AERONAUTICS,"SCIENCE, TECHNOLOGY, COMMUNICATIONS", ,
BIOTECHNOLOGY,"SCIENCE, TECHNOLOGY, COMMUNICATIONS",,
CELL PHONES,"SCIENCE, TECHNOLOGY, COMMUNICATIONS",,
COMPUTERS,"SCIENCE, TECHNOLOGY, COMMUNICATIONS",,
CONSOLIDATED TECHNOLOGY SERVICES AGENCY,"SCIENCE, TECHNOLOGY, COMMUNICATIONS",,
ELECTRONIC EQUIPMENT,"SCIENCE, TECHNOLOGY, COMMUNICATIONS",,
ELECTRONIC PRODUCTS,"SCIENCE, TECHNOLOGY, COMMUNICATIONS",,
ELECTRONICS,"SCIENCE, TECHNOLOGY, COMMUNICATIONS",,
GLOBAL HEALTH TECHNOLOGIES AND PRODUCT DEVELOPMENT COMPETITIVENESS PROGRAM,"SCIENCE, TECHNOLOGY, COMMUNICATIONS",HEALTH,"ECONOMY, DEVELOPMENT AND INTERNATIONAL"
INTERCEPTION OF COMMUNICATIONS,"SCIENCE, TECHNOLOGY, COMMUNICATIONS",,
INTERNET,"SCIENCE, TECHNOLOGY, COMMUNICATIONS",,
LIFE SCIENCES DISCOVERY FUND,"SCIENCE, TECHNOLOGY, COMMUNICATIONS",,
LIFE SCIENCES DISCOVERY FUND AUTHORITY,"SCIENCE, TECHNOLOGY, COMMUNICATIONS",,
MANUFACTURING AND TECHNOLOGY,"SCIENCE, TECHNOLOGY, COMMUNICATIONS",MANUFACTURING,
PACIFIC SCIENCE CENTER,"SCIENCE, TECHNOLOGY, COMMUNICATIONS",,
PRIVILEGED COMMUNICATIONS,"SCIENCE, TECHNOLOGY, COMMUNICATIONS",,
RADIO,"SCIENCE, TECHNOLOGY, COMMUNICATIONS",,
SCIENCE,"SCIENCE, TECHNOLOGY, COMMUNICATIONS",,
TECHNOLOGY,"SCIENCE, TECHNOLOGY, COMMUNICATIONS",,
TELECOMMUNICATIONS,"SCIENCE, TECHNOLOGY, COMMUNICATIONS",,
TELEGRAPH COMPANIES,"SCIENCE, TECHNOLOGY, COMMUNICATIONS",,
TELEPHONE SOLICITATION,"SCIENCE, TECHNOLOGY, COMMUNICATIONS",BUSINESS,
TELEPHONES,"SCIENCE, TECHNOLOGY, COMMUNICATIONS",,
TELEVISION,"SCIENCE, TECHNOLOGY, COMMUNICATIONS",TELEVISION,
TELEVISION AND TELEVISIONS,"SCIENCE, TECHNOLOGY, COMMUNICATIONS",,
TELEWORK,"SCIENCE, TECHNOLOGY, COMMUNICATIONS",LABOR AND EMPLOYMENT,
VIDEO AND VIDEO GAMES,"SCIENCE, TECHNOLOGY, COMMUNICATIONS",,
VIDEO COMMUNICATIONS,"SCIENCE, TECHNOLOGY, COMMUNICATIONS",,
VIDEO DISPLAY TERMINALS,"SCIENCE, TECHNOLOGY, COMMUNICATIONS",,
VIDEO GAMES,"SCIENCE, TECHNOLOGY, COMMUNICATIONS",,
VIDEOTAPE,"SCIENCE, TECHNOLOGY, COMMUNICATIONS",,
WASHINGTON INFORMATION NETWORK 211,"SCIENCE, TECHNOLOGY, COMMUNICATIONS",,
SEA GRANT PROGRAM,SEA GRANT PROGRAM,,
SEAT BELTS,SEAT BELTS,SAFETY,
SECURITY GUARDS AND FIRMS,SECURITY GUARDS AND FIRMS,,
SECURITY INTERESTS,SECURITY INTERESTS,,
SELECTIVE SERVICE,SELECTIVE SERVICE,,
SELF DEFENSE,SELF DEFENSE,,
SELF-SERVICE STORAGE FACILITIES,SELF-SERVICE STORAGE FACILITIES,,
SENIOR CITIZENS,SENIOR CITIZENS,,
SERVICE CORPS,SERVICE CORPS,,
SERVICE DISTRICTS,SERVICE DISTRICTS,,
SERVICE STATIONS,SERVICE STATIONS,,
SHELTERED WORKSHOPS,SHELTERED WORKSHOPS,,
SHOOTING RANGES,SHOOTING RANGES,WEAPONS,
SHOPPING CENTERS,SHOPPING CENTERS,,
SHORELINE,SHORELINE,,
SIDEWALKS,SIDEWALKS,,
SIGN LANGUAGE,SIGN LANGUAGE,,
SLUDGE,SLUDGE,,
SMALL WORKS ROSTERS,SMALL WORKS ROSTERS,,
SMELTING,SMELTING,,
SMOKE DETECTORS,SMOKE DETECTORS,,
MARITIME HISTORY,SOCIAL SCIENCES AND HISTORY,MARINE,
CENTER FOR VOLUNTARY ACTION,SOCIAL WELFARE,,
COMMUNITY ACTION AGENCIES,SOCIAL WELFARE,,
FOOD BANKS,SOCIAL WELFARE,,
FOOD STAMPS,SOCIAL WELFARE,,
HOMELESS PERSONS,SOCIAL WELFARE,,
HUNGER,SOCIAL WELFARE,,
LOW-INCOME PERSONS,SOCIAL WELFARE,,
POVERTY,SOCIAL WELFARE,,
"PUBLIC ADVOCATE, OFFICE",SOCIAL WELFARE,,
PUBLIC ASSISTANCE,SOCIAL WELFARE,,
PUBLIC SERVICE COMPANIES,SOCIAL WELFARE,,
SELF-ESTEEM,SOCIAL WELFARE,"CIVIL RIGHTS AND LIBERTIES, MINORITY ISSUES",
"SOCIAL AND HEALTH SERVICES, DEPARTMENT",SOCIAL WELFARE,HEALTH,
SOCIAL SECURITY,SOCIAL WELFARE,,
SOCIAL WELFARE SERVICES,SOCIAL WELFARE,,
VIOLENCE PREVENTION,SOCIAL WELFARE,LAW AND JUSTICE,
SOMATIC EDUCATION PRACTITIONERS,SOMATIC EDUCATION PRACTITIONERS,,
SOUTH AFRICA,SOUTH AFRICA,,
SPACEPORTS,SPACEPORTS,"SCIENCE, TECHNOLOGY, COMMUNICATIONS",TRANSPORTATION
"SPAS, HOT TUBS, AND SWIMMING POOLS","SPAS, HOT TUBS, AND SWIMMING POOLS",,
SPECIAL AND SPECIAL PURPOSE DISTRICTS,SPECIAL PURPOSE DISTRICTS,,
SPECIAL DISTRICTS,SPECIAL PURPOSE DISTRICTS,,
SPECIAL PURPOSE DISTRICTS,SPECIAL PURPOSE DISTRICTS,,
SPEECH-LANGUAGE PATHOLOGISTS AND AUDIOLOGISTS,SPEECH-LANGUAGE PATHOLOGISTS AND AUDIOLOGISTS,,
STAMPEDE PASS,STAMPEDE PASS,,
STATE CENTENNIAL,STATE CENTENNIAL,,
STATE PATROL RETIREMENT SYSTEM,STATE PATROL RETIREMENT SYSTEM,,
STRAIT OF JUAN DE FUCA,STRAIT OF JUAN DE FUCA,,
STUDIES,STUDIES,,
STYROFOAM,STYROFOAM,,
SUBDIVISIONS,SUBDIVISIONS,,
SUNSET REVIEW,SUNSET REVIEW,,
SURETYSHIP AND GUARANTY,SURETYSHIP AND GUARANTY,,
SURGICAL TECHNOLOGISTS,SURGICAL TECHNOLOGISTS,,
GEODETIC SYSTEMS,SURVEYS AND MAPPING,,
GEOGRAPHIC INFORMATION,SURVEYS AND MAPPING,,
"GEOGRAPHIC NAMES, BOARD ON",SURVEYS AND MAPPING,,
MAPS AND MAPPING,SURVEYS AND MAPPING,,
SURVEYORS,SURVEYS AND MAPPING,,
SURVEYS AND MAPS,SURVEYS AND MAPPING,,
SURVIVAL OF ACTIONS,SURVIVAL OF ACTIONS,,
TAIPEI,TAIPEI,,
TAIWAN,TAIWAN,,
TANNING SALONS,TANNING SALONS,,
"TARTAN, STATE","TARTAN, STATE",,
TATTOOING AND TATTOO ARTISTS,TATTOOING AND TATTOO ARTISTS,,
TATTOOS AND TATTOOERS,TATTOOING AND TATTOO ARTISTS,,
CITIZEN COMMISSION FOR PERFORMANCE MEASUREMENT OF TAX PREFERENCES,TAXES,CITIZEN,
TAX APPEALS BOARD,TAXES,,
"TAX APPEALS, BOARD",TAXES,,
TAX CONSULTANTS AND PREPARERS,TAXES,,
"TAX PREFERENCES - EXEMPTIONS, CREDITS, DEDUCTIONS, DEFERRALS, ETC.",TAXES,,
TAXES,TAXES,,
TAXES - ADMISSIONS TAX,TAXES,,
TAXES - ADULT ENTERTAINMENT ADMISSIONS TAX,TAXES,,
TAXES - AIRCRAFT EXCISE TAX,TAXES,TRANSPORTATION,
TAXES - AIRCRAFT FUEL,TAXES,TRANSPORTATION,ENERGY
TAXES - AIRCRAFT FUEL TAX,TAXES,TRANSPORTATION,ENERGY
TAXES - ALCOHOL SALES TAX,TAXES,DRUGS AND ALCOHOL,
TAXES - ALCOHOL TAX,TAXES,DRUGS AND ALCOHOL,
TAXES - BASIC HEALTH PLAN EMPLOYER TAX,TAXES,HEALTH,
TAXES - BEER TAX,TAXES,DRUGS AND ALCOHOL,
TAXES - BORDER AREA MOTOR VEHICLE FUEL AND SPECIAL FUEL,TAXES,TRANSPORTATION,BOUNDARIES
TAXES - BUSINESS AND OCCUPATION,TAXES,BUSINESS,
TAXES - BUSINESS AND OCCUPATION TAX,TAXES,BUSINESS,
TAXES - CARBON TAX,TAXES,ENVIRONMENT,
TAXES - CARBONATED BEVERAGE TAX,TAXES,AGRICULTURE AND FOOD,
TAXES - CIGARETTE TAX,TAXES,TOBACCO,
TAXES - CIGARETTES,TAXES,TOBACCO,
TAXES - DEFERRALS FOR FRUIT AND VEGETABLE BUSINESSES,TAXES,AGRICULTURE AND FOOD,
TAXES - DEFERRED TAX PROGRAMS,TAXES,,
TAXES - DRUG FUND TAX,TAXES,DRUGS AND ALCOHOL,
TAXES - ENHANCED FOOD FISH,TAXES,AGRICULTURE AND FOOD,
TAXES - ENHANCED FOOD FISH TAX,TAXES,AGRICULTURE AND FOOD,
TAXES - ESTATE TAX,TAXES,PROPERTY,
TAXES - EXCISE,TAXES,,
TAXES - EXCISE TAX,TAXES,,
TAXES - FUEL,TAXES,TRANSPORTATION,
TAXES - GAMBLING TAX,TAXES,GAMBLING,
TAXES - HAZARDOUS SUBSTANCE TAX,TAXES,ENVIRONMENT,HEALTH
TAXES - HEALTH CARE PREPAYMENTS TAX,TAXES,HEALTH,
TAXES - INCOME TAX,TAXES,,
TAXES - INSURANCE PREMIUM TAX,TAXES,INSURANCE,
TAXES - LEASEHOLD EXCISE,TAXES,,
TAXES - LEASEHOLD EXCISE TAX,TAXES,,
TAXES - LIQUOR TAX,TAXES,DRUGS AND ALCOHOL,
TAXES - LITTER TAX,TAXES,,
TAXES - LOCAL BUSINESS ACTIVITIES TAX,TAXES,BUSINESS,
TAXES - LOCAL OPTION TRANSPORTATION,TAXES,TRANSPORTATION,
TAXES - LOCAL OPTION TRANSPORTATION TAXES,TAXES,TRANSPORTATION,
TAXES - LOCAL TRANSIT TAX,TAXES,TRANSPORTATION,
TAXES - LODGING TAX,TAXES,,
TAXES - LOST FISHING NET RECOVERY TAX,TAXES,FISH AND WILDLIFE,
TAXES - MEDICAID TAX,TAXES,HEALTH,
TAXES - MOTOR VEHICLE EXCISE,TAXES,TRANSPORTATION,
TAXES - MOTOR VEHICLE EXCISE TAX,TAXES,TRANSPORTATION,ENERGY
TAXES - MOTOR VEHICLE FUEL,TAXES,TRANSPORTATION,ENERGY
TAXES - MOTOR VEHICLE FUEL TAX,TAXES,TRANSPORTATION,ENERGY
TAXES - OIL AND HAZARDOUS SUBSTANCE SPILL PREVENTION TAX,TAXES,ENVIRONMENT,
TAXES - OIL HEAT TANK POLLUTION LIABILITY TAX,TAXES,ENVIRONMENT,
TAXES - OIL SPILL RESPONSE,TAXES,ENVIRONMENT,
TAXES - OIL SPILL RESPONSE TAX,TAXES,ENVIRONMENT,
TAXES - OUTDOOR EQUIPMENT TAX,TAXES,,
TAXES - PERSONAL PROPERTY TAX,TAXES,PROPERTY,
TAXES - PETROLEUM PRODUCTS TAX,TAXES,ENERGY,
TAXES - PREMIUM TAX,TAXES,,
TAXES - PRIVILEGE TAX,TAXES,,
TAXES - PROPERTY TAX,TAXES,PROPERTY,
TAXES - PUBLIC UTILITY TAX,TAXES,UTILITIES,
TAXES - REAL ESTATE EXCISE,TAXES,PROPERTY,
TAXES - SALES TAX,TAXES,COMMERCE,
TAXES - SNACK FOOD TAX,TAXES,COMMERCE,AGRICULTURE AND FOOD
TAXES - SOLID WASTE COLLECTION TAX,TAXES,WASTE,
TAXES - SPECIAL FUEL,TAXES,ENERGY,
TAXES - SPECIAL FUEL TAX,TAXES,ENERGY,
TAXES - SPORTING EVENTS ADMISSION TAX,TAXES,RECREATION AND SPORTS,
TAXES - SYRUP TAX,TAXES,AGRICULTURE AND FOOD,
TAXES - TELEPHONE ACCESS LINE USE,TAXES,"SCIENCE, TECHNOLOGY, COMMUNICATIONS",
TAXES - TELEPHONE TAX,TAXES,"SCIENCE, TECHNOLOGY, COMMUNICATIONS",
TAXES - TIMBER HARVEST EXCISE,TAXES,PARKS AND NATURAL RESOURCES,
TAXES - TOBACCO PRODUCTS,TAXES,TOBACCO,
TAXES - TOBACCO PRODUCTS TAX,TAXES,TOBACCO,
TAXES - UNEMPLOYMENT COMPENSATION RESERVE TAX,TAXES,LABOR AND EMPLOYMENT,
TAXES - USE,TAXES,,
TAXES - USE TAX,TAXES,,
TAXES - UTILITY TAX,TAXES,UTILITIES,
TAXES - VEHICLE RENTAL TAX,TAXES,TRANSPORTATION,
TAXES - WATERCRAFT EXCISE TAX,TAXES,TRANSPORTATION,
TAXES - WATERCRAFT EXCISE TAXES,TAXES,TRANSPORTATION,
TAXES - WINE TAX,TAXES,DRUGS AND ALCOHOL,
"TAXES, GENERALLY",TAXES,,
TAXING DISTRICTS,TAXES,,
TERRORISM,TERRORISM,,
TICKETS,TICKETS,,
TIMBER AND TIMBER INDUSTRIES,TIMBER,PARKS AND NATURAL RESOURCES,
TIME,TIME,,
"TIME PERIODS, STATUTORY",TIME,,
TIRES,TIRES,,
TITLE COMPANIES,TITLE,,
TITLE ONLY,TITLE,,
TITLE ONLY BILLS,TITLE,,
CIGARETTES,TOBACCO,,
SMOKING,TOBACCO,HEALTH,
TOBACCO,TOBACCO,,
TOBACCO AND TOBACCO PRODUCTS,TOBACCO,,
TOW TRUCKS,TOWING AND TOW TRUCKS,,
TOWING AND TOW TRUCKS,TOWING AND TOW TRUCKS,,
PEDESTRIANS,TRAFFIC,,
TRAFFIC,TRAFFIC,,
TRAFFIC ACCIDENTS,TRAFFIC,SAFETY,
TRAFFIC OFFENSES,TRAFFIC,LAW AND JUSTICE,
TRAFFIC SAFETY COMMISSION,TRAFFIC,SAFETY,
TRAFFIC SAFETY EDUCATION,TRAFFIC,,
TRAFFIC SAFETY,TRAFFICE,SAFETY,
AIR TRANSPORTATION COMMISSION,TRANSPORTATION,,
AIRCRAFT,TRANSPORTATION,,
AIRLINES AND AIRPORTS,TRANSPORTATION,,
AIRPORT DISTRICTS,TRANSPORTATION,,
AIRPORTS,TRANSPORTATION,,
AVIATION,TRANSPORTATION,,
BICYCLES,TRANSPORTATION,RECREATION AND SPORTS,
BOATS,TRANSPORTATION,,
BOATS AND BOATING,TRANSPORTATION,,
BUSES,TRANSPORTATION,PUBLIC TRANSIT,
COMMERCIAL VESSELS AND SHIPPING,TRANSPORTATION,,
COMMUTING,TRANSPORTATION,,
DRIVER TRAINING AND DRIVER TRAINING SCHOOLS,TRANSPORTATION,,
DRIVER TRAINING SCHOOLS,TRANSPORTATION,,
DRIVERS AND DRIVERS' LICENSES,TRANSPORTATION,,
DRIVERS' LICENSES,TRANSPORTATION,,
FERRIES,TRANSPORTATION,,
LEGISLATIVE TRANSPORTATION COMMITTEE,TRANSPORTATION,GOVERNMENT OPERATIONS AND POLICY,
LICENSE PLATES,TRANSPORTATION,,
"MARINE TRANSPORTATION, DEPARTMENT",TRANSPORTATION,MARINE,
MONORAIL,TRANSPORTATION,,
MOTOR VEHICLES,TRANSPORTATION,,
MOTORCYCLES,TRANSPORTATION,,
PUBLIC TRANSIT,TRANSPORTATION,,
PUBLIC TRANSPORTATION BENEFIT AREAS,TRANSPORTATION,,
RAILROADS,TRANSPORTATION,,
RAPID TRANSIT,TRANSPORTATION,,
REGIONAL TRANSPORTATION INVESTMENT DISTRICTS,TRANSPORTATION,,
REGIONAL TRANSPORTATION PLANNING ORGANIZATIONS,TRANSPORTATION,,
ROAD IMPROVEMENT DISTRICTS,TRANSPORTATION,,
ROADS AND HIGHWAYS,TRANSPORTATION,,
SPEED LIMITS,TRANSPORTATION,TRAFFIC,
TAXES - MOTOR VEHICLE,TRANSPORTATION, ,
TAXES - WATERCRAFT EXCISE,TRANSPORTATION,TAXES,
TAXICABS,TRANSPORTATION,,
TRANSPORTATION,TRANSPORTATION,,
TRANSPORTATION BENEFIT AREAS,TRANSPORTATION,,
TRANSPORTATION BENEFIT DISTRICTS,TRANSPORTATION,,
TRANSPORTATION COMMISSION,TRANSPORTATION,,
TRANSPORTATION IMPROVEMENT BOARD,TRANSPORTATION,,
TRANSPORTATION PERMIT EFFICIENCY AND ACCOUNTABILITY COMMITTEE,TRANSPORTATION,,
"TRANSPORTATION, DEPARTMENT",TRANSPORTATION,,
TRUCKS AND TRUCKING,TRANSPORTATION,,
UTILITIES AND TRANSPORTATION COMMISSION,TRANSPORTATION,UTILITIES,
TRUST COMPANIES,TRUSTS,,
TRUSTS,TRUSTS,,
TRUSTS AND TRUSTEES,TRUSTS,,
TUNNELS,TUNNELS,,
UNDERGROUND FACILITIES,UNDERGROUND FACILITIES,,
UNDERGROUND STORAGE TANKS,UNDERGROUND STORGE TANKS,,
UNIFORM ACTS,UNIFORM ACTS,,
UNIFORMED PERSONNEL,UNIFORMED,,
UNIFORMED SERVICES,UNIFORMED,,
UNION BAY,UNION BAY,,
UNITED NATIONS,UNITED NATIONS,,
UNITED STATES,UNITED STATES,,
ELECTRIC UTILITIES,UTILITIES,,
ELECTRICAL BOARD,UTILITIES,,
ELECTRICAL INSTALLATIONS,UTILITIES,,
PUBLIC UTILITIES,UTILITIES,,
PUBLIC UTILITY DISTRICTS,UTILITIES,,
UTILITIES,UTILITIES,,
UTILITY LOCAL IMPROVEMENT DISTRICTS,UTILITIES,,
VENDING MACHINES,VENDING MACHINES,,
VETERINARIANS,VETERINARIANS,,
VOLUNTEERS,VOLUNTEERS,,
WAREHOUSES,WAREHOUSING,,
WAREHOUSING,WAREHOUSING,,
WASHINGTON STATE,WASHINGTON STATE,,
HAZARDOUS WASTE,WASTE,ENVIRONMENT,SAFETY
INFECTIOUS WASTE,WASTE,,
LANDFILLS,WASTE,,
RADIOACTIVE WASTE,WASTE,,
"SEPTIC SYSTEMS, ON-SITE",WASTE,,
SEWAGE,WASTE,,
SEWAGE AND SEWERS,WASTE,,
SEWER DISTRICTS,WASTE,,
SEWERS,WASTE,,
SOLID WASTE,WASTE,,
STORM SEWERS,WASTE,WATER,STORM
TAXES - SOLID WASTE COLLECTION,WASTE,,
WASTE,WASTE,,
WASTE DISPOSAL,WASTE,,
WASTEWATER,WASTE,,
WATER-SEWER DISTRICTS,WASTE,,
INTERAGENCY COMMITTEE FOR WATER RESOURCE FUNDING,WATER,PARKS AND NATURAL RESOURCES,
PUBLIC WATER SUPPLY SYSTEMS,WATER,,
STORM WATER CONTROL FACILITIES,WATER,STORM,
STORM WATER MANAGEMENT AND CONTROL,WATER,STORM,
WATER,WATER,,
WATER COMPANIES,WATER,PARKS AND NATURAL RESOURCES,
WATER DISTRICTS,WATER,PARKS AND NATURAL RESOURCES,
WATER POLLUTION,WATER,ENVIRONMENT,
WATERSHEDS,WATER,,
FIREARMS,WEAPONS,,
WEAPONS,WEAPONS,,
NOXIOUS WEED CONTROL BOARD,WEED,,
WEIGHTS AND MEASURES,WEIGHTS AND MEASURES,,
WELLS,WELLS,,
WHEELCHAIRS,WHEELCHAIRS,DISABILITIES,
WHIDBEY ISLAND,WHIDBEY ISLAND,,
"WHITMAN, MARCUS","WHITMAN, MARCUS",,
WILLS,WILLS,,
WOOD BURNING STOVES,WOOD BURNING STOVES,,
WOOD PRODUCTS,WOOD PRODUCTS,,
WOOD PRODUCTS INDUSTRY,WOOD PRODUCTS INDUSTRY,,
WRECKERS AND WRECKING YARDS,WRECKERS AND WRECKING YARDS,,
ZOOS AND AQUARIUMS,ZOOS AND AQUARIUMS,,